"player_id","entity_name","team_name","start_year","end_year","runner_runs_tot","runner_runs_XB","runner_runs_SBX","N_runner_moved","runner_runs_XB_swipe","runner_runs_XB_snipe","runner_runs_XB_freeze","N_runner_moved_XB","runner_runs_SB2","runner_runs_SB3","simple_stolen_on_running_act_SB2","simple_stolen_on_running_act_SB3","N_runner_moved_SBX"
677951,"Witt Jr., Bobby","KC",2026,2026,8.866493116085403,4.497617586120135,4.368875529965268,119,6.009468227293793,-0.793996921815884,-0.7178537193577758,74,3.1497076107094855,1.2191679192557812,19.478718415762376,5.7130275978211555,45
682998,"Carroll, Corbin","AZ",2026,2026,8.608999005285927,6.292318014044726,2.3166809912412014,97,7.90361677374072,-0.7611061448986014,-0.8501926147973937,74,1.2043458602655757,1.1123351309756258,7.307990137166073,5.225236411131635,23
802415,"Simpson, Chandler","TB",2026,2026,8.089054173887193,4.812486147190569,3.276568026696624,110,7.1596740606804214,-1.539380312700339,-0.8078076007895144,62,2.771859297494971,0.5047087292016527,18.76336096729122,4.461297939549984,48
691718,"Crow-Armstrong, Pete","CHC",2026,2026,7.957318669223185,3.972619721925602,3.9846989472975833,98,4.726082834596777,0,-0.7534631126711757,56,3.629151331619188,0.35554761567839555,20.904769944860362,2.5906934631484986,42
681082,"Stott, Bryson","PHI",2026,2026,7.386159255921965,3.636290563648043,3.7498686922739215,74,5.287334063274463,0,-1.6510434996264196,53,3.5166057480452455,0.23326294422867658,14.21911847416322,0.8437673656315903,21
664983,"McCarthy, Jake","COL",2026,2026,6.930130670020484,5.1752098219808325,1.7549208480396512,107,7.829429455628032,-2.301498204488618,-0.3527214291585813,71,1.2909706813848623,0.46395016665478916,12.556009031399642,3.208079415291656,36
804606,"Griffin, Konnor","PIT",2026,2026,5.610744349038669,3.3303541718655114,2.2803901771731567,52,3.8330463133654433,0,-0.5026921414999317,33,2.1156888608916495,0.1647013162815073,11.17923564267008,0.6332963702544288,19
663538,"Hoerner, Nico","CHC",2026,2026,5.600492707510692,2.394296788534931,3.206195918975761,76,4.26086748677824,-0.7833373101807178,-1.08323338806259,50,3.326714046380666,-0.120518127404904,13.627214172146482,0.1549569545092097,26
683083,"Nuñez, Nasim","WSH",2026,2026,5.547990186737857,0.04623797282655306,5.5017522139113035,67,2.3552009077871423,-1.5518935164040113,-0.7570694185565776,22,4.727244599516637,0.7745076143946702,24.64345611880986,6.08668785677225,45
665862,"Chisholm Jr., Jazz","NYY",2026,2026,5.417874693478511,2.0630635640461232,3.3548111294323877,71,2.941204924347656,0,-0.8781413603015318,32,1.3691379706627702,1.9856731587696166,11.055753132581492,9.613842200435652,39
701538,"Merrill, Jackson","SD",2026,2026,5.316615840614403,3.5197996401598175,1.796816200454585,71,4.591167246858545,0,-1.0713676066987257,50,1.7559096364767433,0.040906563977842536,9.616964504346265,-0.15882655208641971,21
608070,"Ramírez, José","CLE",2026,2026,5.2237493735605245,2.1018136433927137,3.1219357301678112,81,3.4754392446634603,-0.7625472789938592,-0.6110783222768871,50,1.9149768713137536,1.2069588588540576,11.944128767275238,5.802575784983065,31
672640,"Lopez, Otto","MIA",2026,2026,5.164921164863866,2.0593769511554907,3.1055442137083755,105,5.261095263533011,-1.6372747309215883,-1.5644435814559337,70,2.7334413512761837,0.3721028624321913,15.893109675091923,1.3716289986263663,35
665923,"Ruiz, Esteury","MIA",2026,2026,4.7371244876958105,1.4353697474588922,3.3017547402369187,60,2.1172511934382015,0,-0.6818814459793094,23,1.1776221202825972,2.124132619954323,12.10772387507592,10.386063092766866,37
680776,"Duran, Jarren","BOS",2026,2026,4.510272955376409,3.1617121320491672,1.3485608233272417,65,4.404005905526796,-0.7518613716925479,-0.490432401785082,43,1.4181912496854525,-0.06963042635821107,8.912850093149206,-0.6323103120115261,22
701807,"Benge, Carson","NYM",2026,2026,4.288181372753447,2.269025873560239,2.0191554991932077,62,3.6416106847882035,0,-1.3725848112279633,43,1.9173812464883293,0.1017742527048775,7.416725732791498,0.17505083850872533,19
666152,"Hamilton, David","MIL",2026,2026,4.189004542781282,1.9457588393978893,2.243245703383393,56,2.4334324680515675,0,-0.4876736286536791,31,1.305938930222876,0.9373067731605169,9.449341403119336,4.5163697753969245,25
621020,"Swanson, Dansby","CHC",2026,2026,4.157467158072254,2.284679457383219,1.8727877006890354,59,3.6646575433207045,-0.7753210828139111,-0.604657003123574,45,1.8099598150748168,0.0628278856142183,8.141172222684029,0.04026980984931068,14
677594,"Rodríguez, Julio","SEA",2026,2026,4.118318120033888,1.836556797091723,2.2817613229421654,71,3.435409946380347,-0.7820717332373484,-0.816781416051276,48,2.0861125474975886,0.1956487754445775,10.084743161348799,1.9464245960642523,23
680869,"Gelof, Zack","ATH",2026,2026,4.069871737604747,2.0245992308252663,2.045272506779481,54,3.2882723236282496,-0.7596858958637055,-0.5039871969392772,40,2.025018764680354,0.02025374209912692,7.788141765503303,1.1848284740361055,14
694497,"Carter, Evan","TEX",2026,2026,4.054899035576041,1.4326272062778558,2.622271829298185,51,2.4595884271091646,0,-1.0269612208313081,34,2.1149212126709673,0.5073506166272176,8.654093248405426,2.2969669995171933,17
686611,"Crews, Dylan","WSH",2026,2026,4.000525332874016,1.7311658172323792,2.269359515641637,49,2.7105791314986223,0,-0.9794133142662432,37,1.931137956991355,0.33822155865028214,7.649673984199543,1.4424411102516144,12
682928,"Abrams, CJ","WSH",2026,2026,3.9296091081223685,1.025896122285932,2.9037129858364366,82,4.167671177881578,-0.8467832663866479,-2.2949917892089986,52,2.256527071149162,0.6471859146872727,13.008047366472367,2.8665301336077103,30
802139,"Wetherholt, JJ","STL",2026,2026,3.836650599000566,1.8510610245885328,1.9855895744120335,64,3.937410887218092,0,-2.086349862629559,49,1.9532870851632653,0.032302489248769065,6.412087003732152,-0.20788974937011703,15
803011,"Antonacci, Sam","CWS",2026,2026,3.740389838817572,2.557764587566361,1.1826252512512108,76,4.8401723122451745,-0.8125195344300375,-1.4698881902487746,52,1.1327409350699489,0.049884316181262614,7.217151538789015,-0.21832572641170492,24
607208,"Turner, Trea","PHI",2026,2026,3.705960086687039,1.2497999295466904,2.456160157140349,65,2.9319375884179704,0,-1.6821376588712802,45,2.0009523513698495,0.4552078057704998,8.014636705564579,1.854618837624094,20
807712,"Keaschall, Luke","MIN",2026,2026,3.686171531712524,4.157439542295757,-0.47126801058323275,82,5.518141230250537,0,-1.3607016879547806,58,-0.3419965135896351,-0.1292714969935987,1.2960700117111026,0.20280028680860848,24
683953,"Bazzana, Travis","CLE",2026,2026,3.4925983691796954,2.494889367598763,0.9977090015809322,55,3.4355457921287393,0,-0.9406564245299767,32,-0.09657680075486375,1.094285802335797,2.333707455908067,5.1303300288649645,23
668227,"Arozarena, Randy","SEA",2026,2026,3.444951049599112,1.5182670137017675,1.9266840358973447,79,3.605922926784589,0,-2.0876559130828203,52,1.596026313745447,0.33065772215189754,8.063471809841527,1.2551081840008045,27
805808,"McGonigle, Kevin","DET",2026,2026,3.2899781772055947,3.0189322128647773,0.2710459643408175,85,6.031703146067774,-0.7537748874411979,-2.2589960457618,70,0.4642795924963576,-0.1932336281555403,0.3405832814139673,-1.3809987015708511,15
667472,"Myers, Dane","CIN",2026,2026,3.159946087931959,1.1852596641762294,1.97468642375573,36,1.6477075637350103,0,-0.46244789955878074,24,2.0949281443656265,-0.12024172060989607,8.645850158348841,-0.8168750969242218,12
669003,"Mitchell, Garrett","MIL",2026,2026,3.1022189691907354,3.396071895826153,-0.2938529266354173,71,4.685175234539415,0,-1.2891033387132609,54,-0.15369796637836436,-0.14015496025705235,2.592745006980474,-1.0766054475899731,17
690993,"Keith, Colt","DET",2026,2026,2.9241095331585316,2.224971714019478,0.6991378191390538,44,3.12180430284141,0,-0.8968325888219321,39,0.7830053175502801,-0.0838674984112263,1.811610453148804,-0.5735194654714781,5
805999,"Ewing, A.J.","NYM",2026,2026,2.8496146049522064,0.6808367490173386,2.168777855934868,54,1.7054616510788874,0,-1.024624902061549,25,1.9080984861366719,0.26067936979819645,12.554680950109613,1.0364329933007248,29
665161,"Peña, Jeremy","HOU",2026,2026,2.8425617243404906,1.659719920339706,1.1828418040007844,61,3.6778273183501033,-0.9865420203436637,-1.0315653776667315,46,1.1368127564725998,0.04602904752818577,5.048298304217929,-0.23656175751905117,15
622761,"Mateo, Jorge","TB",2026,2026,2.7042184284972697,0.9027498114433773,1.8014686170538925,48,1.850734058491807,-0.7945587198215371,-0.15342552722689246,25,0.874703317597249,0.9267652994566433,8.479924344776316,4.482923102853231,23
665833,"Cruz, Oneil","PIT",2026,2026,2.6589972353219635,0.46866649043715647,2.190330744884807,66,2.6387236313972666,-1.519857595137333,-0.6501995458227762,31,2.1773460478249405,0.01298469705986652,15.385000111660167,0.9733553919526631,35
678246,"Vargas, Miguel","CWS",2026,2026,2.6481923203780937,0.41430032066505396,2.2338919997130398,80,3.90692800256232,-2.343187643064802,-1.1494400388324644,60,1.803249792497785,0.43064220721525553,7.428189407718902,1.7673653354400523,20
691023,"Walker, Jordan","STL",2026,2026,2.642770029397848,0.9257271385431302,1.7170428908547182,75,3.1974170843491896,0,-2.2716899458060604,51,2.1667860827093137,-0.44974319185459644,11.28343714104979,-1.4559810006734066,24
683002,"Henderson, Gunnar","BAL",2026,2026,2.640887397588386,4.016738345273616,-1.37585094768523,62,5.089970479055493,0,-1.0732321337818747,50,-1.4190349218217644,0.04318397413653446,-5.137117321397692,-0.09790203679280393,12
670764,"Walls, Taylor","TB",2026,2026,2.597912629167223,0.47555798254810616,2.122354646619117,72,3.691440786036754,-2.3387947542331844,-0.8770880492554628,50,1.0273689001755355,1.094985746443581,6.631789377475135,5.220437588892565,22
806198,"Pratt, Cooper","MIL",2026,2026,2.5262151709970615,1.054113081416756,1.4721020895803056,34,1.6754418243237115,0,-0.6213287429069552,16,1.3888641123483334,0.08323797723197224,9.504456379523639,0.2719807290870341,18
701358,"Smith, Cam","HOU",2026,2026,2.49803931112097,3.398364894568917,-0.9003255834479469,51,3.7498796813187028,0,-0.35151478674978653,34,-0.818523852433195,-0.08180173101475152,1.0671572593468426,-0.6202261029553447,17
696285,"Young, Jacob","WSH",2026,2026,2.4194820344620167,2.2362485176153837,0.18323351684663325,61,2.891372132261749,0,-0.6551236146463646,42,-0.5189903619120669,0.7022238787586995,1.3218715368135552,3.264361354803454,19
665019,"Clemens, Kody","MIN",2026,2026,2.4003491052046955,1.698050686819164,0.7022984183855314,60,4.139889879516783,-1.5552612139997404,-0.8865779786978778,48,0.4210020038108036,0.2812964145747278,1.6740889246534691,0.9257939585277004,12
682829,"De La Cruz, Elly","CIN",2026,2026,2.2941541153991416,2.163001651166803,0.13115246423233848,88,5.3887386541185975,-1.5818619429638816,-1.6438750599879113,58,-0.27403044636379004,0.4051829105961282,4.985175537434822,1.7207969339187,30
668904,"Lewis, Royce","MIN",2026,2026,2.2045478001757717,0.9550068502629374,1.2495409499128343,46,1.8875298121563189,0,-0.9325229618933817,32,0.9922461453756662,0.25729480453716796,5.7810646354008055,1.0479073832141073,14
665750,"Taveras, Leody","BAL",2026,2026,2.181896721328281,2.255341022097494,-0.07344430076921277,50,3.764134571081473,-0.7649013789914983,-0.7438921699924819,40,-0.15895769506218313,0.08551339429297034,0.6634634183410939,0.21628892842129158,10
687957,"Harris, Dustin","SD",2026,2026,2.145529344675239,0.7148708147632225,1.4306585299120165,24,0.9060665129101322,0,-0.1911956981469099,13,1.4660439937775844,-0.03538546386556775,7.448337162452319,-0.24536570946512612,11
593428,"Bogaerts, Xander","SD",2026,2026,2.0981242124124684,-0.8376410750207552,2.935765287433224,59,2.18482157195637,-1.6204017023659802,-1.4020609446111452,36,2.4301056730495803,0.5056596143836427,10.715208791656208,2.1140338376745205,23
641343,"Bauers, Jake","MIL",2026,2026,2.0849359012289543,2.9068015293793565,-0.8218656281504024,71,4.381332537008039,0,-1.4745310076286853,57,-0.2145736200317638,-0.6072920081186394,-0.3254557295844852,-0.9833739896484102,14
592885,"Yelich, Christian","MIL",2026,2026,2.061101068914318,0.9018501457246602,1.159250923189658,42,2.469201878812404,-0.8899543517485894,-0.6773973813391546,34,0.7105230405468781,0.4487278826427794,1.1207143383528302,1.884448557437152,8
677942,"Alexander, Blaze","BAL",2026,2026,2.0207612407262396,1.4997136416988515,0.5210475990273882,39,2.201045584599388,0,-0.7013319429005368,28,0.6364644250359305,-0.11541682600854263,3.6957130750197904,-0.8071255971145231,11
669016,"Marsh, Brandon","PHI",2026,2026,2.005971634301163,0.8735767110508044,1.1323949232503585,44,1.7172132638792559,0,-0.843636552828452,33,1.0967825218878229,0.03561240136253608,3.6530927758404554,-0.08218441105015861,11
694249,"Carrigg, Cole","COL",2026,2026,1.9654663285526113,2.154422496356459,-0.18895616780384758,48,2.892924871428544,0,-0.738502375072086,34,-0.4557182116446606,0.26676204384081315,0.8792896951602414,1.1730729531791386,14
669364,"Edwards, Xavier","MIA",2026,2026,1.9356239743955475,1.2550563627912472,0.6805676116043001,65,3.640533418151892,-1.5213269993783496,-0.8641500559822951,46,0.7632923232152207,-0.08272471161092076,5.453107977861597,-0.7789464832320733,19
813841,"Cox, Jonah","SF",2026,2026,1.899534840191624,0.6203532298623218,1.2791816103293023,26,0.8750154310426496,0,-0.2546622011803277,9,0.749038711595611,0.5301428987336918,6.606661474723329,2.5894656742359814,17
668715,"Steer, Spencer","CIN",2026,2026,1.8940948732464724,1.5227899583622582,0.37130491488421424,29,1.9229439163739133,0,-0.40015395801165504,27,0.40930370633099344,-0.037998791446779354,-0.7348254246004152,-0.495114293108932,2
670231,"Rave, John","KC",2026,2026,1.8703960095963992,0.8801662957921756,0.9902297138042235,25,1.0743079200518424,0,-0.19414162425966683,16,0.4426675795233124,0.5475621342809114,2.673823555340181,2.6930059799478094,9
678662,"Tovar, Ezequiel","COL",2026,2026,1.842968496642258,1.0731038675311364,0.7698646291111215,38,2.087292562113929,0,-1.0141886945827925,33,0.8572850309642297,-0.08742040185310786,2.3872184170230653,-0.8460618900766352,5
685133,"Meckler, Wade","LAA",2026,2026,1.8213548736379728,0.8821208976887018,0.9392339759492709,36,1.831574441874878,0,-0.9494535441861766,27,0.8038662850095454,0.1353676909397258,3.1607280378544136,0.4592538105841086,9
668804,"Reynolds, Bryan","PIT",2026,2026,1.8171480685334103,1.240488264030734,0.5766598045026763,67,3.5047027443870644,-0.7503414818376367,-1.5138729985186945,61,0.7499446950626123,-0.173284890559936,-0.7885111366745927,-1.2551811767360888,6
664728,"Isbel, Kyle","KC",2026,2026,1.8018212065199122,1.059548951127937,0.7422722553919753,24,1.351143796187,0,-0.2915948450590631,19,0.7965679024521973,-0.054295647060221885,2.415929094690009,-0.37858118970670546,5
679845,"Loftin, Nick","KC",2026,2026,1.8013588668374756,1.1269507117340385,0.6744081551034372,55,2.989236011365424,-0.7907080118752151,-1.0715772877561704,50,0.8348062255518466,-0.16039807044840929,2.328872808349655,-1.1210631617331275,5
823550,"Song, Sung-Mun","SD",2026,2026,1.7899342002235175,0.8084078808649385,0.981526319358579,27,1.0181810737966084,0,-0.2097731929316699,12,1.0696022975730815,-0.08807597821450262,7.1671176607484055,0.7156353018178261,15
657041,"Thomas, Lane","ATL",2026,2026,1.753014506610808,1.1572681372806997,0.5957463693301084,44,2.6154549637361106,-0.9028049684636875,-0.5553818579917231,34,0.6256036573490796,-0.029857288018971733,4.179542657710396,-0.3433607375983734,10
672724,"Peraza, Oswald","LAA",2026,2026,1.6981257857302507,1.0487181376637347,0.6494076480665162,35,1.8314841058495002,0,-0.7827659681857659,21,0.0771305465969469,0.5722771014695692,2.001050635998707,2.604195454861578,14
669707,"Triolo, Jared","PIT",2026,2026,1.6696196810188124,0.5774960356985178,1.0921236453202947,31,1.5867590090079133,0,-1.0092629733093954,21,0.9893409117096928,0.10278273361060207,4.002875032652092,0.39070402848868546,10
703607,"Bolte, Henry","ATH",2026,2026,1.6590578506409654,2.4435313179489118,-0.7844734673079462,65,3.7196975816618663,0,-1.2761662637129563,34,0.09270910276419857,-0.8771825700721454,7.280614946661599,-2.142904677097343,31
686475,"Tolbert, Tyler","KC",2026,2026,1.6420807632688423,0.18404475050591668,1.4580360127629257,42,1.4153091729946956,-0.7515629813744306,-0.47970144111434815,17,0.7981496635313096,0.6598863492316165,7.98046533161404,4.339178800752497,25
642215,"Wilson, Weston","SEA",2026,2026,1.5555681952128995,0.673148862620328,0.8824193325925714,17,0.8117168147690305,0,-0.1385679521487026,12,0.9086832703464179,-0.026263937753846396,4.063561965968518,-0.31611400512739185,5
701350,"Anthony, Roman","BOS",2026,2026,1.5098167960381113,1.3106849527670348,0.19913184327107647,20,1.711414090358301,0,-0.4007291375912664,18,0.24632106565153894,-0.04718922238046241,-0.1347184034770716,-0.404536892352039,2
687363,"Scott II, Victor","STL",2026,2026,1.5007338206251608,0.5681634627355717,0.9325703578895891,31,0.988706711628134,0,-0.4205432488925623,16,0.7771173843708716,0.1554529735187172,6.226282069908601,0.6951298525653942,15
683146,"Baty, Brett","NYM",2026,2026,1.470464623842968,1.3807670631643698,0.0896975606785982,43,2.3428667644196626,0,-0.9620997012552923,37,0.16765689231523206,-0.07795933163663385,-0.5468608316331005,-0.5682181171756385,6
545121,"Vargas, Ildemaro","AZ",2026,2026,1.4471264609870773,1.233339670021113,0.21378679096596437,39,2.4114618979342097,0,-1.1781222279130974,36,0.34561067125360034,-0.1318238802876359,-1.6204471483806808,-0.9958212495170722,3
656537,"Hill, Derek","PHI",2026,2026,1.4425241260129247,0.3556527811321081,1.0868713448808165,31,1.7411865937137438,-0.8799804728686622,-0.5055533397129738,15,0.5447317435437171,0.5421396013370994,5.47810974257422,2.5161216574074237,16
683748,"Mesa Jr., Victor","TB",2026,2026,1.4316602828557314,0.9436634502576523,0.48799683259807913,32,2.185224910295434,-0.8097824071801784,-0.43177905285760354,22,0.33443604488676515,0.15356078771131412,3.1068709669158396,0.6701688080081504,10
691720,"Karros, Kyle","COL",2026,2026,1.4055263615761522,0.7357744891462199,0.6697518724299323,47,3.1353860051046727,-0.8074142915726666,-1.5921972243857851,42,0.3926430572408623,0.27710881518906927,-0.9123519601782424,1.0434482563668626,5
682622,"Marte, Noelvi","CIN",2026,2026,1.3581528161365886,0.27471772071040046,1.0834350954261882,17,0.4464696208548035,0,-0.1717519001444031,11,0.7295728435235713,0.353862251902617,2.595097382226517,1.588024597196541,6
643396,"Kiner-Falefa, Isiah","BOS",2026,2026,1.3415590863546087,0.9031198465554235,0.43843923979918525,23,1.3641794908813556,0,-0.46105964432593216,13,0.7266050984210024,-0.28816585862181754,3.38656887858204,-0.25694557009008945,10
683357,"Caissie, Owen","MIA",2026,2026,1.3095344647972753,1.1316749733846072,0.17785949141266805,26,1.514135800201434,0,-0.3824608268168268,21,0.28274983878699983,-0.10489034737433191,0.8132177431727343,-0.6412827567455928,5
699393,"Ramírez, Pedro","CHC",2026,2026,1.2685916973996605,0.2828356772264651,0.9857560201731953,24,1.1681575556394561,0,-0.8853218784129915,15,1.0416277497307829,-0.05587172955758753,5.313633162509835,-0.46000850228632356,9
808982,"Lee, Jung Hoo","SF",2026,2026,1.2675710739770856,-0.5140020379740468,1.7815731119511322,60,3.2469813514409553,-2.337114178224384,-1.4238692111906177,50,1.8464310778574076,-0.06485796590627599,5.966515634527846,-0.99363016798575,10
695578,"Wood, James","WSH",2026,2026,1.2656501583796633,0.04858736385940915,1.2170627945202541,65,3.0701157083739905,-0.7583800501860063,-2.2631482943285763,47,1.127065780112328,0.08999701440792654,5.001637789439654,0.010011605701736355,18
691723,"Mayo, Coby","BAL",2026,2026,1.261468324538996,0.9392286110992395,0.3222397134397564,38,1.8965055853938484,0,-0.9572769742946096,32,0.46405601406117886,-0.14181630062142234,1.5360419952709208,-0.924559557890538,6
810938,"Williamson, Ben","TB",2026,2026,1.261269842777667,0.751907421127421,0.5093624216502459,25,1.274988135740466,0,-0.5230807146130453,18,0.5998400265149403,-0.09047760486469449,3.200411296691515,-0.5327396923848069,7
687529,"McCray, Grant","SF",2026,2026,1.2498826038440844,0.5571374802963491,0.6927451235477353,14,0.6569549710961351,0,-0.09981749079978608,10,0.7221424856190192,-0.02939736207128376,3.2610999327251085,-0.19221262121320415,4
678391,"Vivas, Jorbit","WSH",2026,2026,1.2184252088329999,1.3931046150976085,-0.17467940626460873,34,2.2956502391456,0,-0.9025456240479917,30,-0.06784648755893626,-0.10683291870567253,-1.2390208657678836,-0.8835839461377258,4
702222,"Crawford, Justin","PHI",2026,2026,1.21096520091935,0.823069828762382,0.3878953721569679,49,2.7539631378615286,-0.7702155832841826,-1.1606777258149632,33,0.500505762648567,-0.11261039049159928,5.270479548335985,-0.8314209490498845,16
699912,"Fernandez, Jose","AZ",2026,2026,1.210109046627668,0.6326492055146589,0.5774598411130091,26,1.4790260500725132,0,-0.846376844557854,16,0.6365310871682303,-0.05907124605522135,4.320845668409308,-0.4830816761122622,10
571970,"Muncy, Max","LAD",2026,2026,1.2076056799882928,1.3044567826531832,-0.0968511026648905,41,2.909841671190379,0,-1.6053848885371944,40,0.051814992859122354,-0.14866609552401283,-1.8781124173906532,-0.8702334038742657,1
693304,"Gonzales, Nick","PIT",2026,2026,1.2026605997406465,1.276239874122028,-0.07357927438138137,50,3.654983806681563,-0.7901970915546173,-1.588546841004919,45,0.03980500515204019,-0.11338427953342145,-2.1649076551715805,-0.8926562468493267,5
663968,"Mangum, Jake","PIT",2026,2026,1.197886296412388,1.6814715337049277,-0.4835852372925397,58,2.8934291050691354,0,-1.2119575713642086,36,-0.082584751294085,-0.40100048599845417,3.6774908986341446,-1.0563239615005253,22
672761,"Pérez, Wenceel","DET",2026,2026,1.1746748804414606,1.5377117869225754,-0.36303690648111464,21,1.6019667998993785,0,-0.06425501297680306,16,0.0792416711917453,-0.44227857767286,0.9761773669022671,-1.0901959092054931,5
666211,"Trammell, Taylor","HOU",2026,2026,1.1744685837273847,0.9874186959741554,0.18704988775322925,24,1.8749097478533563,0,-0.887491051879201,19,0.01762406661688381,0.16942582113634538,0.10242458169553822,0.7633682435681477,5
694671,"Langford, Wyatt","TEX",2026,2026,1.155721222100882,0.1399373470417874,1.0157838750590946,47,2.037518390085674,-0.7863882382286238,-1.1111928048152626,30,1.4273955544553307,-0.4116116793962368,6.634260272618959,-1.0090757354184046,17
607043,"Nimmo, Brandon","TEX",2026,2026,1.1529630077454904,1.3171046867575142,-0.1641416790120238,50,3.0027277327666893,0,-1.6856230460091752,45,0.07789707265334045,-0.24203875166536426,-2.2005905505811354,-1.5419892647146751,5
660271,"Ohtani, Shohei","LAD",2026,2026,1.11439480048836,1.4317444082673176,-0.3173496077789577,62,4.142083125199641,-0.7516448325845109,-1.9586938843478126,48,-0.1620747613013145,-0.15527484647764309,-0.48725687536842954,-1.2074859216834988,14
650333,"Arraez, Luis","PHI",2026,2026,1.1142636691504524,0.8464743253227,0.2677893438277524,70,4.5755139400334635,-1.539223597325901,-2.189816017384861,60,0.8620139975141434,-0.5942246536863907,0.8608666360100613,-2.0252327158912813,10
666160,"Moniak, Mickey","COL",2026,2026,1.0919776562082109,2.0849949364314866,-0.9930172802232756,36,2.9375311838299356,0,-0.8525362473984487,33,-0.9005688124427708,-0.09244846778050508,-4.130124172641606,-0.7026731669502073,3
665487,"Tatis Jr., Fernando","SD",2026,2026,1.0790205005720903,1.8777449605323075,-0.7987244599602173,107,4.8705455895758085,-1.5179223939430069,-1.4748782351004943,66,-0.4292456935242345,-0.3694787664359829,5.227926403341431,1.549442805282596,41
701675,"Church, Nathan","STL",2026,2026,1.0774550188762375,1.366503445383743,-0.28904842650750545,53,2.9174186302229366,-0.7608332945705816,-0.7900818902686111,40,-0.36581527820290477,0.07676685169539942,0.6369599382502327,0.10849919937989463,13
687263,"Neto, Zach","LAA",2026,2026,1.0634233584358634,0.6521448455002626,0.4112785129356009,97,4.405349781989877,-2.2826691130093364,-1.470535823480277,62,-0.9569943357571513,1.3682728486927525,1.806437641733093,6.353975503318159,35
694192,"Chourio, Jackson","MIL",2026,2026,1.0626918070591047,-0.28945917239657465,1.3521509794556794,73,2.8313084519381526,-1.6342678303643656,-1.4864997939703621,51,1.7119188299871206,-0.359767850531441,8.530275146462012,-1.0386478581448744,22
680574,"McLain, Matt","CIN",2026,2026,1.054147368403028,-0.6079570293256547,1.6621043977286827,56,2.4717100560061644,-1.637272368360423,-1.442394716971397,36,0.9437251390516217,0.7183792586770607,5.684205941265213,3.2873782111095,20
702616,"Holliday, Jackson","BAL",2026,2026,1.02936632430609,1.0111469120938663,0.018219412212223784,29,2.136343848049795,0,-1.1251969359559288,21,-0.1253137125568207,0.143533124769045,-0.5163780843607857,0.49222288359615196,8
808975,"Kim, Hyeseong","LAD",2026,2026,1.0279336086680233,0.7610007806066122,0.2669328280614111,18,1.0892409489786132,0,-0.32824016837200115,13,0.2955738581817308,-0.02864103012031957,1.9401213723936463,-0.1684453526860457,5
701162,"Malgeri, Ben","DET",2026,2026,1.0276226105957171,0.18911516670821796,0.8385074438874992,15,0.48676885094536815,0,-0.2976536842371502,10,0.6773920411627639,0.16111540272473537,2.7058630190819417,0.673057987407642,5
681546,"Outman, James","DET",2026,2026,1.0033927993204075,1.1276350877923482,-0.12424228847194063,20,1.2618551785642143,0,-0.13422009077186592,13,0.4010829424182846,-0.5253252308902252,2.4039714824891205,-1.511678113284334,7
681393,"Norby, Connor","COL",2026,2026,0.994657363333614,0.3443444473504076,0.6503129159832064,35,1.1705325875692985,0,-0.826188140218891,24,0.3149420977250196,0.3353708182581869,2.327918558017391,1.5026138873348087,11
696135,"Watson, Kahlil","CLE",2026,2026,0.993989472362538,0.324083717772819,0.6699057545897189,15,0.6028160287730855,0,-0.2787323110002664,5,0.5298742465964903,0.14003150799322864,3.432219086742569,1.9063580100666095,10
592663,"Realmuto, J.T.","PHI",2026,2026,0.9737542669106871,1.3371123251968895,-0.36335805828620243,37,2.219362972889547,0,-0.8822506476926578,34,-0.24787676372437842,-0.11548129456182407,-1.9906445789818132,-0.7996790150129394,3
686894,"Wiemer, Joey","WSH",2026,2026,0.9660014653493947,0.7692314560713996,0.196770009277995,7,0.7712297549487328,0,-0.001998298877332959,6,0.18619577094103476,0.010574238336960239,0.4607833530631792,-0.12102305031795187,1
682668,"Acuña, Luisangel","CWS",2026,2026,0.9646716246081931,0.21674096744161275,0.7479306571665804,33,1.2774712544817717,-0.9281364347300599,-0.13259385231009893,12,0.4490983791717205,0.2988322779948598,5.638287531544541,2.510929382079418,21
703520,"Bateman, Brett","TOR",2026,2026,0.9521680126006782,0.8932326224420617,0.0589353901586165,26,1.8424907735457872,0,-0.9492581511037252,22,0.09782082557123517,-0.038885435412618706,0.5915274802170397,-0.2362207081116556,4
683766,"Koss, Christian","SF",2026,2026,0.9191210867578014,0.3192383902771224,0.5998826964806789,20,0.6649897695785509,0,-0.3457513793014287,14,0.42767614239361157,0.1722065540870674,1.7387328503673893,0.6452223213318364,6
665877,"Fermín, José","STL",2026,2026,0.9177562273111932,0.194419725007787,0.7233365023034062,33,1.423301972897056,0,-1.2288822478892696,25,0.5974621870656487,0.12587431523775738,2.6591063969828475,0.45520973133138093,8
681047,"Franklin, Christian","BAL",2026,2026,0.9121987596451734,0.36913686279438684,0.5430618968507865,7,0.4564501686915978,0,-0.08731330589721102,4,0.5591046419621151,-0.01604274511132854,2.4755071133355115,-0.1062862250235857,3
596103,"Slater, Austin","TB",2026,2026,0.899859307512946,0.21892950738978592,0.6809298001231601,9,0.29554034983788485,0,-0.0766108424480989,5,0.7061049264474601,-0.025175126324300093,3.027650027661394,-0.15896807443262187,4
669701,"Smith, Josh","TOR",2026,2026,0.8995834283529145,0.5609761936812225,0.3386072346716919,19,1.442551501670331,-0.770489301278441,-0.11108600671066765,14,0.3642733689695906,-0.02566613429789866,1.4723051372246119,-0.1840301783504529,5
682997,"Callihan, Tyler","PIT",2026,2026,0.8984708218777664,0.7540214869133327,0.14444933496443366,7,0.7794257671603563,0,-0.02540428024702354,6,0.15265896956208003,-0.008209634597646372,0.4731282233523823,-0.0858634153886527,1
672016,"Clarke, Denzel","ATH",2026,2026,0.8962552985186093,0.19363891319469026,0.702616385323919,7,0.2631430189891583,0,-0.06950410579446806,3,0.5159210321402603,0.1866953531836588,2.1680048025692957,0.8370205179918894,4
690924,"Fulford, Braxton","COL",2026,2026,0.8924655227599367,0.19430381591786478,0.6981617068420719,11,0.2789974438607891,0,-0.08469362794292436,7,0.7344750565670743,-0.03631334972500231,3.269212804536764,-0.23556190341569866,4
573262,"Yastrzemski, Mike","ATL",2026,2026,0.8898456568008352,1.0528744356891448,-0.16302877888830966,32,2.2921731074708505,0,-1.239298671781706,32,-0.0860749196296172,-0.07695385925869244,-2.759304406746341,-0.5398590696940905,0
695734,"Lile, Daylen","WSH",2026,2026,0.8889019938157678,2.663687220402155,-1.7747852265863873,72,5.009333644951882,-0.7501961372815014,-1.5954502872682266,57,-1.4106735309988583,-0.3641116955875283,-2.851219844155736,-0.8671009690365191,15
695506,"Caglianone, Jac","KC",2026,2026,0.8876804990007328,1.112479485531722,-0.22479898653098918,57,3.6035352629360857,-1.5684376865221505,-0.9226180908822106,49,-0.10389562775096972,-0.12090335878001945,-0.40927455416161806,-0.8327294205384164,8
660710,"Durán, Rodolfo","SD",2026,2026,0.8820436470504966,0.9312338008833071,-0.04919015383281045,10,0.9479611236670065,0,-0.01672732278369936,10,-0.03507879790887606,-0.014111355923934393,-0.6679118566250258,-0.08576158380034048,0
676391,"Clement, Ernie","TOR",2026,2026,0.8785812296753466,0.019547245406505157,0.8590339842688414,56,3.36807598930477,-1.5089303323307024,-1.8395984115675614,49,1.026642609807455,-0.16760862553861403,1.2279613249737684,-1.1493547848547025,7
671218,"Ramos, Heliot","NYY",2026,2026,0.8722471310501463,0.8491861485848404,0.02306098246530581,40,1.881500421746359,0,-1.0323142731615191,35,-0.07905057340221182,0.10211155586751745,-1.491071631443308,0.24223361675136168,5
663604,"Lockridge, Brandon","MIL",2026,2026,0.8557596715500629,0.276989351604499,0.5787703199455639,15,0.5757270514680713,0,-0.2987376998635724,8,0.6488091579606642,-0.07003883801510032,3.285757835026468,-0.4251917589247877,7
699115,"Jorge, Carlos","CIN",2026,2026,0.8527375880232624,0.6825851863538834,0.17015240166937892,6,0.688939956766272,0,-0.006354770412388434,5,0.1725009070959155,-0.002348505426536567,0.7250036505121661,-0.017572765603553288,1
695508,"Cauley, Cam","TEX",2026,2026,0.8292291833701496,0.6846105971730558,0.14461858619709378,7,0.8063385945981558,0,-0.1217279974251001,6,0.17725967851555813,-0.03264109231846434,0.4261523954858478,-0.2072661872590628,1
664702,"Straw, Myles","TOR",2026,2026,0.8120954299058438,1.0219600971692895,-0.2098646672634457,37,2.5931960721892424,-0.7540274377394307,-0.8172085372805225,30,0.1342119797837105,-0.34407664704715596,0.23778657877567505,-0.6951363148923556,7
694374,"Tawa, Tim","AZ",2026,2026,0.793494055912175,-0.38436292024876817,1.1778569761609432,20,0.7854260544719096,0,-1.1697889747206776,13,1.257940439159891,-0.08008346299894775,3.9143350082833064,-0.5561666716446021,7
666971,"Gurriel Jr., Lourdes","AZ",2026,2026,0.783510850372992,0.7756642389169799,0.007846611456012075,15,1.1333438794439632,0,-0.35767964052698326,14,-0.15910473111743445,0.16695134257344652,-1.6908297903923961,0.7232728258440502,1
690984,"Halpin, Petey","CLE",2026,2026,0.773082300134478,-0.4344426360856149,1.2075249362200928,20,0.8654786299589758,-0.8507035383407427,-0.44921772770384805,13,1.0908074104938783,0.11671752572621467,4.3380748876760755,0.43513699182082166,7
691728,"Veen, Zac","COL",2026,2026,0.7725367155927934,0.42358862722891294,0.34894808836388047,12,0.5693872473126718,0,-0.14579862008375885,10,0.3735108853790031,-0.02456279701512263,1.4733312827540177,-0.13709408637073373,2
690976,"Freeland, Alex","LAD",2026,2026,0.766769460866027,0.23274450195999785,0.5340249589060292,23,1.3030564275089789,0,-1.0703119255489815,19,0.6275305257231789,-0.09350556681714986,0.9752800093541713,-0.6221669953810598,4
680474,"Schuemann, Max","NYY",2026,2026,0.7626664764138271,1.1441599780066727,-0.3814935015928456,18,1.167065865652887,0,-0.022905887646214457,13,-0.31304365374894794,-0.06844984784389767,0.2380373181028676,-0.44680376133390004,5
666139,"Lowe, Josh","LAA",2026,2026,0.7569851348481215,-0.5338696492364742,1.2908547840845956,24,0.5014714357148522,-0.7739013170746918,-0.26143976787663475,13,1.0228869522361512,0.26796783184844414,4.745678301424352,1.1425055886698108,11
596146,"Kepler, Max","AZ",2026,2026,0.7327058941474445,0.8355384789316945,-0.10283258478425009,9,1.015899113713444,0,-0.18036063478174966,9,-0.09235512467356176,-0.010477460110688334,-1.1311916078720055,-0.1055152449804834,0
682657,"Martínez, Angel","CLE",2026,2026,0.7223035115647319,0.9578309095195039,-0.23552739795477193,49,2.3601377306975113,-0.7636649972838162,-0.6386418238941899,35,-0.541565142131177,0.3060377441764052,0.5100339828594597,1.207711937974838,14
691026,"Winn, Masyn","STL",2026,2026,0.692998755142259,0.23882872480721493,0.45417003033504405,43,2.084385583795471,-0.7645650408533146,-1.0809918181349414,35,0.18794172561393085,0.266228304721113,-1.062896287201327,1.081032188897746,8
677649,"Duran, Ezequiel","TEX",2026,2026,0.6822961315524407,1.017759215703122,-0.3354630841506814,55,2.5866640447557336,-0.8308692583659195,-0.738035570686692,41,-0.16911561329328456,-0.16634747085739693,1.0024468245121732,-1.1384600840238042,14
606466,"Marte, Ketel","AZ",2026,2026,0.6806389705386306,0.41666634264487096,0.26397262789375964,53,2.2439845436868193,0,-1.8273182010419478,49,0.009293377777696156,0.2546792501160634,-3.391655457800987,0.8406840353978028,4
686217,"Frelick, Sal","MIL",2026,2026,0.680391978521706,1.3349648553528382,-0.6545728768311322,32,1.9770254644972924,0,-0.6420606091444538,24,-0.7531364462060971,0.09856356937496487,-2.121111614063262,0.2938601593177031,8
596115,"Story, Trevor","BOS",2026,2026,0.6769352163263413,0.43272661273661317,0.24420860358972815,23,1.429795529356115,0,-0.9970689166195016,21,0.30200652432316516,-0.05779792073343699,0.4906419006231386,-0.38448123449957816,2
678009,"Meadows, Parker","DET",2026,2026,0.6759865729689971,0.303945543605739,0.37204102936325817,8,0.308969931953367,0,-0.005024388347628071,6,0.38866242111331906,-0.016621391750060843,1.7150372725871061,-0.09691306692182423,2
668723,"Vilade, Ryan","TB",2026,2026,0.6746813698949691,0.8826094105863074,-0.2079280406913383,19,1.8739195605893266,-0.7547379833251704,-0.2365721666778488,16,-0.1640434541949609,-0.04388458649637734,-0.424843373305388,-0.28319361273259563,3
663457,"Nootbaar, Lars","AZ",2026,2026,0.6723670845852933,0.47748275294822795,0.1948843316370653,25,1.3408582799213797,0,-0.863375526973152,23,0.25680033598439794,-0.061916004347332784,-0.8921254336679221,-0.5202049877288661,2
805347,"Jarvis, Jim","ATL",2026,2026,0.6721772509609356,0.6588904836345979,0.013286767326337767,10,0.7359659312046987,0,-0.0770754475701007,10,0.021814259074562435,-0.008527491748224664,-0.7121797260043861,-0.15433413361825418,0
805300,"Marsee, Jakob","MIA",2026,2026,0.6636033632376634,1.9525745908262417,-1.2889712275885783,71,3.874144720898886,-0.7627695540112208,-1.1588005760614228,49,-1.2045345313833813,-0.08443669620519684,-3.559170585019014,2.9797233603742592,22
701785,"Culpepper, Kaelen","MIN",2026,2026,0.6396438758052417,0.4702978638950686,0.16934601191017312,8,1.0736492836351499,0,-0.6033514197400812,7,0.20926288532806903,-0.0399168734178959,0.15171897575256962,-0.23947430138000378,1
664954,"Sullivan, Brett","COL",2026,2026,0.6335892047282048,0.9414460875339424,-0.3078568828057377,17,1.5546675504172631,0,-0.6132214628833207,15,-0.3131095181000993,0.005252635294361654,-1.428649546072831,-0.10499420970478088,2
677588,"Tena, José","WSH",2026,2026,0.619739005400419,1.288091886074457,-0.668352880674038,33,1.8320769089696092,0,-0.5439850228951524,23,-0.8250373662073519,0.15668448553331396,-1.3541836611854985,0.6076003821690993,10
681297,"Cowser, Colton","BAL",2026,2026,0.6172175134389555,1.114922935466165,-0.49770542202720947,37,1.639098656232803,0,-0.524175720766638,22,0.018471837129089327,-0.516177259156299,2.7587633021204727,-1.530084751213428,15
670032,"Lopez, Nicky","TEX",2026,2026,0.6150924398813185,1.4638141841707202,-0.8487217442894017,25,1.8806696788950497,0,-0.4168554947243293,18,-1.0065140931394165,0.15779234885001467,-2.535891132189636,0.656782806461869,7
686797,"Lee, Brooks","MIN",2026,2026,0.6009122583021204,1.1926043145515977,-0.5916920562494773,50,2.198969664630779,0,-1.0063653500791807,41,-0.4800562562218629,-0.11163580002761471,-1.694133466425523,-0.8923671375800774,9
701305,"Dezenzo, Zach","HOU",2026,2026,0.6004701966380481,0.47551824229808476,0.12495195433996338,12,0.5876865531294989,0,-0.11216831083141429,11,0.15106721694172348,-0.026115262601760038,0.33680141340656466,-0.16747676841160689,1
642350,"Siri, Jose","LAA",2026,2026,0.6003944451519394,-0.6179501156420453,1.2183445607939847,21,0.7899980695545293,-0.9574802104281463,-0.45046797476842826,14,1.079394266084957,0.13895029470902737,4.516955629743728,0.5673617092703688,7
670770,"Friedl, TJ","CIN",2026,2026,0.5961122953518943,0.4731162006051085,0.12299609474678569,18,0.7998660948045753,0,-0.32674989419946676,13,0.15497016558865137,-0.03197407084186569,0.39837216725678737,-0.3041612540621028,5
703601,"Clark, Max","DET",2026,2026,0.5865009982317057,0.4205893312740854,0.1659116669576203,19,1.336230895560764,0,-0.9156415642866785,14,0.25276472395056454,-0.08685305699294439,1.301987663289812,-0.5656444651227605,5
683011,"Volpe, Anthony","NYY",2026,2026,0.5853938197868607,0.8929550989649738,-0.3075612791781132,38,2.305512206952126,-0.7695659444852327,-0.6429911635019196,22,-1.4293097293216097,1.121748450143497,-2.186503910683366,5.440862768912927,16
624641,"Sosa, Edmundo","PHI",2026,2026,0.5841397655488617,0.43829582647613924,0.14584393907272244,15,0.7268936543304458,0,-0.28859782785430677,13,-0.004582994572302915,0.15042693364502546,-1.2854319310803923,0.5341196760327099,2
677950,"Thomas, Alek","LAD",2026,2026,0.5714242870818087,0.07900410003014006,0.4924201870516686,15,1.0835500287579363,-0.8070631461857792,-0.197482782542017,12,0.5246339548549308,-0.03221376780326222,2.399193767600914,-0.2179157607937687,3
669326,"Teodosio, Bryce","LAA",2026,2026,0.5687031877008525,0.0035732235241455607,0.5651299641767069,5,0.10167225301757347,0,-0.09809902949342791,2,0.3941513494255903,0.17097861475111656,1.7351778136063785,0.807603482278495,3
694673,"Ortiz, Abimelec","WSH",2026,2026,0.5658161583358404,0.6635275647609595,-0.09771140642511913,11,1.0790079243042459,0,-0.41548035954328655,11,-0.07535628923934343,-0.022355117185775698,-1.1571060500201156,-0.19508565130267644,0
669392,"Taylor, Samad","SD",2026,2026,0.5602983155671645,0.5459694136633785,0.014328901903785985,31,0.9671840147158228,0,-0.4212146010524445,17,-0.16212379258495013,0.1764526944887362,3.22631143995454,0.8236515653702621,14
687221,"Rushing, Dalton","LAD",2026,2026,0.5575745767030823,0.686130728762542,-0.12855615205945972,23,1.4645023787151366,0,-0.7783716499525946,23,-0.07643006551698216,-0.05212608654247752,-1.5652894773858494,-0.34475494316310407,0
806068,"Emerson, Colt","SEA",2026,2026,0.5445143563848145,1.1317565615275442,-0.5872422051427297,20,1.422519681064589,0,-0.29076311953704526,16,-0.540793426031013,-0.04644877911171678,-1.1469431981038682,-0.27462184051285404,4
545341,"Grichuk, Randal","CWS",2026,2026,0.5434210724642901,0.7486378933178133,-0.20521682085352322,28,2.167784667025074,-0.8917692542774043,-0.5273775194298564,28,-0.1062403251912997,-0.09897649566222362,-1.2095735873092583,-0.669811881672112,0
695670,"Ford, Harry","WSH",2026,2026,0.542620689301639,0.0826833044422216,0.4599373848594173,10,0.48053780753056663,0,-0.3978545030883451,7,0.4809785091969596,-0.021041124337542332,1.9218671664548945,-0.2142608341066488,3
668930,"Turang, Brice","MIL",2026,2026,0.530101444659832,1.0099276497182508,-0.4798262050584188,73,3.8018339974950526,-0.7595966800227619,-2.032309667754039,56,-0.44267550494732266,-0.037150700111095954,-1.4236854274376047,0.5290709750366113,17
694378,"Gonzalez, Jacob","PIT",2026,2026,0.522796368727131,0.6170278432436438,-0.09423147451651281,18,0.8542071885241378,0,-0.23717934528049436,15,-0.23478922050541998,0.14055774598890722,-0.8592438123890092,0.6296756734128819,3
691019,"Teel, Kyle","CWS",2026,2026,0.5226847045703034,0.6004016351776655,-0.07771693060736215,9,0.7785786583129782,0,-0.17817702313531275,9,-0.031129483056988205,-0.046587447550373924,-0.684203825375924,-0.31562470106992524,0
666969,"García, Adolis","PHI",2026,2026,0.515188108040259,0.017460816717521345,0.4977272913227377,19,0.5610791575427954,0,-0.5436183408252739,16,0.5278156093791042,-0.03008831805636637,1.6533298650487098,-0.23280953354692346,3
678489,"Barrosa, Jorge","HOU",2026,2026,0.49532247925656736,0.6047641316669108,-0.10944165241034345,25,0.9592632213781191,0,-0.3544990897112084,21,-0.02950455982846581,-0.07993709258187759,-0.273055879573883,-0.4786124193183701,4
662139,"Varsho, Daulton","HOU",2026,2026,0.4952982004394614,-0.5197969188461947,1.015095119285656,42,2.340215813128511,-1.5495037150167206,-1.3105090169579847,35,1.1325179992887624,-0.11742288000310647,4.0433400883259685,-0.9036375183153709,7
663697,"India, Jonathan","KC",2026,2026,0.48573627111791395,0.4273562448688224,0.058380026249091554,5,0.7036949171020612,0,-0.27633867223323877,4,0.06675120465553204,-0.008371178406440445,-0.12155934630940332,-0.05226318319978542,1
620443,"Torrens, Luis","NYM",2026,2026,0.4751026425958467,0.4273104868865735,0.04779215570927319,20,1.2135274035447383,0,-0.7862169166581651,19,0.0741400231588089,-0.026347867449535718,-0.47616553361919384,-0.27424602748345683,1
641555,"Escarra, J.C.","NYY",2026,2026,0.47158784680436927,0.5001863319254672,-0.02859848512109796,10,0.6426072329675985,0,-0.14242090104213126,10,-0.018388458809483237,-0.010210026311614719,-0.32353642010044414,-0.06521652774096803,0
687749,"Bowen, Jase","SD",2026,2026,0.4686371355498283,0.12733181667832494,0.34130531887150334,17,0.9153395282342347,-0.7586145577122024,-0.029393153843707335,12,0.405264391938243,-0.06395907306673962,1.6538171569495461,0.8267359640587921,5
665052,"Conine, Griffin","MIA",2026,2026,0.46565341682414796,0.10671710941808353,0.3589363074060644,23,0.9947258670063569,0,-0.8880087575882737,20,0.23981325257184002,0.11912305483422432,-1.1885071450835156,0.49764527101047945,3
650489,"Castro, Willi","COL",2026,2026,0.46396965130862944,-0.5008436106650785,0.964813261973708,47,1.9564746846476235,-0.8399790920061568,-1.6173392033065455,34,0.6415897809192174,0.32322348105449106,3.183340467471361,1.3081013659315797,13
676356,"DeLuca, Jonny","TB",2026,2026,0.4589441952709027,1.3332013298428982,-0.8742571345719955,44,1.633492905459891,0,-0.30029157561699277,24,-1.2805646071465453,0.4063074725745494,0.9072106383793384,1.8937834274057592,20
805367,"Meidroth, Chase","CWS",2026,2026,0.4569523556875555,0.45401421474806924,0.002938140939486243,46,2.704208239458204,-0.8038606586950255,-1.4463333660151094,43,0.20992324513983437,-0.2069851042003482,-3.587315354701644,-1.4915603846185217,3
663330,"Jones, Jahmai","BOS",2026,2026,0.45124929833047717,0.7307754901101794,-0.2795261917797022,17,0.8141972451886548,0,-0.08342175507847545,13,-0.6105873841997375,0.3310611924200349,-2.7461574282178587,1.5473051110942069,4
669743,"Call, Alex","LAD",2026,2026,0.4445676880311932,1.3751440559021073,-0.9305763678709141,25,1.5946412827057348,0,-0.21949722680362757,22,-0.40678189481038146,-0.5237944730605328,-1.8773556697199347,-1.5139129965424696,3
669477,"Schmitt, Casey","SF",2026,2026,0.44371940421309797,-0.46572534441720503,0.909444748630303,34,1.352896093360336,-0.7510315897866882,-1.0675898479908532,25,0.9827675209735011,-0.07332277234319748,4.566122701092048,-0.5299031737834139,9
702332,"Durbin, Caleb","BOS",2026,2026,0.43899712079169306,0.9407625524495595,-0.5017654316578665,73,3.4170168819159596,-1.6840653682493565,-0.7921889612170443,47,-1.268346284711692,0.7665808530538256,-0.8297771116526996,4.8734439922832635,26
660844,"Rivas, Leo","SEA",2026,2026,0.43276164012222007,0.7455676263181047,-0.3128059861958846,12,0.8735021846265474,0,-0.12793455830844272,10,-0.31336878806837537,0.0005628018724907289,-0.8619003585637462,-0.08709967382123837,2
645302,"Robles, Victor","SEA",2026,2026,0.4114953618386773,0.27273442794871605,0.13876093388996127,24,0.9449791715123735,0,-0.6722447435636577,12,-0.4042655657949909,0.5430264996849523,0.7324031631546362,2.63231038139021,12
665926,"Giménez, Andrés","TOR",2026,2026,0.4036417600151332,-1.0356353487550451,1.4392771087701783,38,1.2502037574519727,-0.9041378746287115,-1.3817012315783068,23,0.7274682609853091,0.7118088477848687,3.902124734547823,3.276146125482397,15
672820,"Sosa, Lenyn","TOR",2026,2026,0.3967646345150589,0.41139057122654676,-0.014625936711487878,9,0.6813046302831858,0,-0.269914059056639,9,0.0008214797210327439,-0.015447416432520619,-0.6351213566396556,-0.17330808047029708,0
663368,"Perkins, Blake","MIL",2026,2026,0.39452390809012466,0.07748984714375529,0.3170340609463694,13,0.6326537028036147,0,-0.5551638556598595,11,0.15078108381265032,0.166252977133719,0.4670043997366064,0.751427787392392,2
695257,"Cook, Billy","PIT",2026,2026,0.3844681025093632,-0.1272571875970096,0.5117252901063728,12,0.5296926768535204,0,-0.65694986445053,6,0.5517341589733266,-0.04000886886695367,3.696893672329185,-0.32664626911606437,6
672580,"Garcia, Maikel","KC",2026,2026,0.3817334231101981,1.9261048171914192,-1.5443713940812211,51,2.473160201546508,0,-0.5470553843550864,41,-1.845368846806824,0.30099745272560313,-5.233176033888686,1.2640489949084057,10
702176,"Roden, Alan","MIN",2026,2026,0.3812810040563285,0.4436779276443882,-0.062396923588059705,7,0.5783710191358585,0,-0.13469309149147032,7,-0.05977316771615458,-0.0026237558719051247,-0.9012862757261466,-0.04132918075378794,0
669369,"Johnson, Bryce","SD",2026,2026,0.37565722477865604,0.27930566174421234,0.09635156303444369,9,0.32305386067472663,0,-0.04374819893051434,5,0.10155367340049232,-0.005202110366048584,1.2769818266119586,-0.03661318487107615,4
694377,"Yorke, Nick","PIT",2026,2026,0.3672071006812264,0.20079103325620665,0.1664160674250198,6,0.4158727358994866,0,-0.21508170264327994,5,0.18546302344216653,-0.019046956017146757,0.5201403393550368,-0.12700407925256588,1
667670,"Rooker, Brent","ATH",2026,2026,0.36382297839755645,0.26368809277138794,0.1001348856261685,6,0.41311447892215525,0,-0.14942638615076728,5,0.12252479474699288,-0.02238990912082439,0.0571833771180288,-0.19745609048718768,1
671976,"Peters, Tristan","CWS",2026,2026,0.3590146647002819,0.08738837097327153,0.2716262937270104,51,2.790914830988794,-2.261608453311034,-0.4419180067044884,41,1.263493214015753,-0.9918669202887423,3.289520774602089,-2.785874048780787,10
621043,"Correa, Carlos","HOU",2026,2026,0.3575237874083781,0.33232221703492376,0.0252015703734543,16,1.0739642868125674,0,-0.7416420697776435,15,0.06829058166682367,-0.043089011293369305,-0.5079914356645172,-0.3055079038264662,1
683679,"Rodriguez, Jesus","SF",2026,2026,0.3529841236520915,0.6781865248689406,-0.3252024012168491,8,0.9392425864528039,0,-0.2610560615838633,6,-0.32503500742880853,-0.0001673937880406007,-0.6597906983192168,-0.04985984401877823,2
694197,"Genao, Angel","CLE",2026,2026,0.3522950212952918,0.431665838452914,-0.07937081715762223,9,0.6508576236348552,0,-0.21919178518194124,9,-0.05319081449393453,-0.02618000266368773,-0.9318748577315439,-0.18476545183438245,0
814439,"Waldschmidt, Ryan","AZ",2026,2026,0.34473479902323423,0.9615380473148603,-0.616803248291626,35,1.6179069305579163,0,-0.6563688832430563,24,-0.7532969460915581,0.13649369779993192,-0.5680121260452337,0.502668542280119,11
687093,"Grissom, Vaughn","LAA",2026,2026,0.34188350738928447,0.48936349106458465,-0.14747998367530019,30,1.6908359042671903,0,-1.2014724132026056,29,-0.05268211935072815,-0.09479786432457206,-2.6566199015169243,-0.6940339669176886,1
663656,"Tucker, Kyle","LAD",2026,2026,0.32734012931579204,-1.1515025891716335,1.4788427184874255,57,2.6366556726148165,-1.5667540214804805,-2.221404240305968,47,1.428655273129456,0.050187445357969464,3.606553437340007,0.0540730371758579,10
695491,"Báez, Joshua","STL",2026,2026,0.32083804816930084,-0.022688229936873465,0.3435262781061743,12,0.46842005728424824,0,-0.49110828722112176,10,0.38621578662704165,-0.042689508520867385,1.5120796732920778,-0.2431312805210633,2
703197,"Arroyo, Michael","SEA",2026,2026,0.315104934862188,-0.011625590344742002,0.32673052520692997,6,0.09920767460182618,0,-0.11083326494656819,4,0.37803865733117453,-0.05130813212424455,1.6487018958841486,-0.28945456048692475,2
807727,"McAdoo, Charles","TOR",2026,2026,0.31010038648209354,-0.013725538051110098,0.32382592453320364,11,0.35733840177454756,0,-0.37106393982565766,9,0.3348114954692946,-0.0109855709360909,1.1763256931127528,-0.1779765489982306,2
691783,"Lawlar, Jordan","AZ",2026,2026,0.307406681149177,0.6853788911111462,-0.37797220996196923,13,0.6940825101203237,0,-0.008703619009177559,8,-0.35377993754279796,-0.024192272419171244,0.37279610704880894,-0.17429095091377744,5
680757,"Kwan, Steven","CLE",2026,2026,0.3004551356487072,0.8411302730752003,-0.5406751374264931,56,3.8270250392941376,-0.7707887253652611,-2.215106040853677,49,-0.30020728902663213,-0.24046784839986154,-4.553634920682507,-1.6041602767211023,7
693307,"Dingler, Dillon","DET",2026,2026,0.2953010189409867,0.7738954064187378,-0.47859438747775107,50,3.0938069576331206,-0.9387071449786955,-1.381204406235688,50,-0.4372557748847317,-0.041338612593019367,-5.482893097025009,-0.4487065655098243,0
680700,"Palacios, Richie","TB",2026,2026,0.2919083791786471,0.8795449629447039,-0.5876365837660568,42,1.7126071689219058,0,-0.8330622059772025,24,-0.08947998548754922,-0.49815659827850794,3.5591032674785947,-1.492825360142005,18
806367,"Hill, Turner","SF",2026,2026,0.2829713209658845,0.36014944083878103,-0.0771781198728965,11,0.41234148976587925,0,-0.05219204892709813,8,-0.0461443845078481,-0.031033735365048432,0.4311496939180123,-0.23250253632953363,3
668709,"Bleday, JJ","CIN",2026,2026,0.2806486724995033,0.9932847257083626,-0.7126360532088593,34,2.1777043384508628,0,-1.1844196127424997,29,-0.5850169474530637,-0.12761910575579544,-3.521946803083736,-0.8886551257218644,5
686780,"Pagés, Pedro","STL",2026,2026,0.2758111483037211,-0.030963484208957545,0.30677463251267867,15,0.6918809777346081,0,-0.7228444619435658,13,0.1453843507858255,0.16139028172685307,0.0779823806705096,0.6634767415834274,2
669065,"Stowers, Kyle","MIA",2026,2026,0.2628798171724198,0.6360064074311789,-0.37312659025875905,28,2.1649522768741805,0,-1.528945869443002,28,-0.23874685282345584,-0.1343797374353034,-3.364656059546672,-0.9659752181889284,0
657656,"Laureano, Ramón","SD",2026,2026,0.26009481654362493,0.15941415231871736,0.10068066422490755,23,0.6577152412071217,0,-0.49830108888840424,15,-0.23094035426491938,0.33162101848982717,0.16709354342911492,1.5244912351755426,8
687551,"Gilbert, Drew","SF",2026,2026,0.2594578612100218,1.4223198717562837,-1.162862010546262,36,2.2907930702508144,0,-0.8684731984945309,33,-1.0788890966553422,-0.08397291389091943,-5.874448780305527,-0.5483029255960445,3
660670,"Acuña Jr., Ronald","ATL",2026,2026,0.24487874695795442,0.10877346584616508,0.13610528111178932,65,2.2584265000968093,-0.7920340362506729,-1.3576189979999707,39,-0.7438185563203028,0.8799238374320923,2.504530260749497,4.090432858697468,26
666181,"Benson, Will","CIN",2026,2026,0.24451454132834533,0.5234012312683987,-0.27888668994005333,7,0.8389380753370832,0,-0.31553684406868454,5,-0.25213558253158047,-0.0267511074084729,-0.44911523655498137,-0.1620322801834881,2
805779,"Wilson, Jacob","ATH",2026,2026,0.2396490472957357,-0.21754405707676036,0.45719310437249605,26,1.278387812803165,0,-1.4959318698799253,22,0.22983380182311686,0.2273593025493792,-0.41833109549225783,0.9302095368907566,4
672695,"Perdomo, Geraldo","AZ",2026,2026,0.23585800113017874,0.12189387715483926,0.11396412397533946,83,3.8593456471305068,-1.8212798896269513,-1.9161718803487162,57,0.6982712416212835,-0.5843071176459438,5.517196043119565,-2.082470408084355,26
695336,"Saggese, Thomas","STL",2026,2026,0.23113548538977297,0.03162091700068888,0.19951456838908407,24,1.300872060112827,-0.8117886600713309,-0.45746248304080706,19,0.23981702301824645,-0.04030245462916237,1.6374818901908326,-0.26733913648995733,5
670042,"Raley, Luke","SEA",2026,2026,0.22341518102213676,1.0525371158155723,-0.8291219347934355,22,1.7886077452313376,0,-0.736070629415766,19,-0.7796175781472934,-0.04950435664614234,-2.901109089971167,-0.365701103755255,3
801126,"Rodden, Brock","SEA",2026,2026,0.21999054938805496,0.04000756614510715,0.1799829832429478,7,0.11987537695954123,0,-0.07986781081443407,6,0.18856504720785647,-0.008582063964908631,0.6295578324356017,-0.10833806111640606,1
694388,"Loperfido, Joey","HOU",2026,2026,0.21250368623741478,0.7531121068182053,-0.5406084205807905,10,0.8770381947734575,0,-0.12392608795525226,9,-0.49727434107660873,-0.043334079504181756,-1.844752361436292,-0.2683369549470735,1
678011,"Seigler, Anthony","BOS",2026,2026,0.20889406337849034,0.07254176449655433,0.136352298881936,17,0.530649241697579,0,-0.4581074772010248,15,-0.16302293437495147,0.2993752332568874,-1.916069406136652,1.441479944733896,2
682987,"Jones, Spencer","NYY",2026,2026,0.1778564342744079,0.5628763687972519,-0.385019934522844,31,2.0239409074483357,0,-1.4610645386510845,22,0.15716856878430752,-0.5421885033071517,1.5283489568718245,-1.7260304537067637,9
675961,"Williams, Alika","ATH",2026,2026,0.17533268964188303,0.43477278854361767,-0.25944009890173464,31,1.3886400200720286,0,-0.9538672315284112,28,-0.15419377407793308,-0.10524632482380136,-0.39919210159738266,-0.7143869654004956,3
621439,"Buxton, Byron","MIN",2026,2026,0.17228789037769254,-0.5339758015900818,0.7062636919677744,37,2.6153030750691095,-2.3412328134534044,-0.8080460632057859,33,0.7832420324964665,-0.0769783405286923,2.151452042845418,-0.5973723516342434,4
663586,"Riley, Austin","ATL",2026,2026,0.16908683503231814,-0.3749249991066813,0.5440118341389995,50,2.10771864107262,-0.7894680059599949,-1.6931756342193063,42,0.6721336236545732,-0.12812178951557354,1.4145044971203407,-1.005319025612486,8
660162,"Moncada, Yoán","LAA",2026,2026,0.16621572731830758,0.052000700464240227,0.11421502685406737,5,0.4492823056665542,0,-0.3972816052023139,4,0.13202786670197375,-0.017812839847906416,-0.03086842500923229,-0.17282525601518595,1
663616,"Larnach, Trevor","MIN",2026,2026,0.15916946000226484,1.25620831930018,-1.0970388592979152,43,2.401187612770403,0,-1.1449792934702232,40,-0.8920816476555614,-0.20495721164235312,-4.891300039410908,-1.4370954258332267,3
641933,"O'Neill, Tyler","BAL",2026,2026,0.15640755231725678,0.11933158475119782,0.037075967566058965,18,1.0056356008418172,0,-0.886304016090619,17,0.08398989380678741,-0.04691392624072843,-0.7182193944910695,-0.3534815071141928,1
687282,"Rincones Jr., Gabriel","PHI",2026,2026,0.13926266113680222,0.1411280985785185,-0.0018654374417162777,5,0.1996912694391692,0,-0.05856317086065072,5,0.0006202531196256196,-0.002485690561341897,-0.03899280245681,-0.033366041603823345,0
666624,"Morel, Christopher","NYM",2026,2026,0.12687210994586082,0.20466678456815288,-0.07779467462229206,6,0.2252467964056515,0,-0.020580011837498604,6,-0.051086788596432,-0.026707886025860064,-0.6059241660503637,-0.1869574933236896,0
668942,"Rojas, Josh","KC",2026,2026,0.11973033295162022,0.21608005848385106,-0.09634972553223084,7,0.48277359621994415,0,-0.26669353773609306,7,-0.08505465799437611,-0.011295067537854739,-1.1272911218180421,-0.09204687314427229,0
691740,"Susac, Daniel","SF",2026,2026,0.10539175109269049,0.18641622180772588,-0.0810244707150354,12,1.3010524022839132,0,-1.1146361804761873,9,-0.05470336715783508,-0.026321103557200277,0.43094618217495895,-0.2684329223694429,3
687515,"Thomas, Colby","ATH",2026,2026,0.08811506063078423,0.680265332247185,-0.5921502716164008,8,0.7397213177202733,0,-0.05945598547308827,7,-0.5397935825206958,-0.05235668909570525,-1.8558179284987215,-0.3143886696589077,1
688363,"Pauley, Graham","MIA",2026,2026,0.07792883504585824,0.49533943486915877,-0.41741059982330053,13,0.8536840478642549,0,-0.3583446129950962,11,-0.47674452566851194,0.059333925845211404,-2.0606011411942915,0.2227407447547449,2
800050,"DeLauter, Chase","CLE",2026,2026,0.07792220994268498,-0.11483554920123887,0.19275775914392385,60,3.0183308136093574,-1.5686819620729946,-1.5644844007376006,52,0.6302344397509563,-0.4374766806070324,-1.0649543293215782,-1.3220069672254584,8
691781,"House, Brady","WSH",2026,2026,0.07164209489113105,-0.273690380020537,0.3453324749116681,28,1.5193201412046855,-0.8555163121005729,-0.9374942091246499,25,0.4036765275825175,-0.05834405267084923,0.3235771801692646,-0.5260211650355566,3
682877,"Brito, Juan","CIN",2026,2026,0.06637129963903984,0.08859550007961628,-0.022224200440576443,9,0.3815601369164967,0,-0.29296463683688045,9,-0.020151282112878317,-0.0020729183276981217,-0.4187866855256475,-0.08119004540903446,0
663494,"Torres, Bryan","STL",2026,2026,0.05324952849233313,-0.04486928254152316,0.09811881103385629,9,0.4540156697987185,0,-0.4988849523402417,8,0.11574749960017729,-0.017628688566321063,-0.2873171263195602,-0.1343358677345891,1
656484,"Gray, Tristan","MIN",2026,2026,0.04630754393474973,-0.18370986837732545,0.23001741231207518,8,0.2663298248572063,0,-0.4500396932345317,6,0.2644079133043104,-0.03439050099223508,0.6092156599835025,-0.23090281235557947,2
668670,"Rogers, Jake","CWS",2026,2026,0.039481208482427685,-0.08617367196050575,0.12565488044293344,11,0.4363824119707064,0,-0.5225560839312122,10,0.153865430598963,-0.028210550156029593,-0.26364172436502004,-0.1750398018598326,1
811965,"Kuroda-Grauer, Joshua","ATH",2026,2026,0.032602316998720154,0.13517683477397982,-0.10257451777525967,8,0.5803331007658639,0,-0.44515626599188396,8,-0.06053918568360624,-0.0420353320916534,-0.9181933429310848,-0.2965091535410195,0
676914,"Schneider, Davis","TOR",2026,2026,0.031295185401258925,0.06349230092242486,-0.032197115521165935,11,0.5975673447765162,0,-0.5340750438540913,10,0.012941449454875902,-0.04513856497604187,-0.8219902373725959,-0.28291143077908076,1
694371,"Troy, Tommy","AZ",2026,2026,0.026535488250555517,-0.2946278618072885,0.321163350057844,10,0.567503367661121,0,-0.8621312294684094,8,0.342380711115764,-0.02121736105791999,1.0529997554650075,-0.1788352002044813,2
687637,"Beavers, Dylan","BAL",2026,2026,0.023625692120232022,1.1148881058635294,-1.0912624137432974,38,2.220166056187297,0,-1.1052779503237677,29,-1.156353988635271,0.06509157489197384,-2.406962357493526,0.1592915036472615,9
641584,"Fraley, Jake","TB",2026,2026,0.015205004543999041,-0.035093395926876415,0.05029840047087546,11,0.3227696216252204,0,-0.35786301755209676,7,0.11168635237641182,-0.06138795190553646,1.385611305424626,-0.3874251174305669,4
543807,"Springer, George","TOR",2026,2026,0.01290181447980826,-0.1401500213331046,0.15305183581291287,48,1.9528949311322106,-0.8215734072320823,-1.2714715452332324,38,0.5534661514156843,-0.4004143156027715,1.433377815796582,-0.9747104380713004,10
605141,"Betts, Mookie","LAD",2026,2026,0.0036812806288213373,1.1997386111227568,-1.1960573304939355,44,2.5792613469380146,0,-1.379522735815257,39,-0.6803706094663201,-0.5156867210276167,-4.693213263758615,-1.5751840484096034,5
669699,"Shewmake, Braden","MIL",2026,2026,-0.00024111336870842603,-0.11923678739660853,0.11899567402790011,5,0.01611167256019764,0,-0.13534845995680617,4,-0.05895022362517455,0.17794589765307461,-0.6174229701625504,0.8475695424340765,1
682848,"Rodríguez, Endy","PIT",2026,2026,-0.002313967440046194,-0.7936622287913323,0.7913482613512861,17,0.526394903186255,-0.8725860151848208,-0.4474711167927664,12,0.6378482415191173,0.15350001983216882,2.1954765805547027,0.6592096167072781,5
676609,"Caballero, José","NYY",2026,2026,-0.008891152477970898,1.9924651461070777,-2.0013562985850486,72,2.358353340586078,0,-0.36588819447900156,32,-1.1246347891191875,-0.8767215094658606,4.921803108736286,1.3787932695524068,40
666176,"Adell, Jo","CLE",2026,2026,-0.020292492677636442,0.2514320308621245,-0.27172452353976095,39,2.2800040536780166,0,-2.028572022815892,37,-0.10858805761624699,-0.16313646592351397,-3.9699436377159927,-1.0895871769723984,2
678545,"Basabe, Osleivis","SF",2026,2026,-0.03091769357432264,0.09289510187560979,-0.12381279544993243,8,0.2031929346620029,0,-0.11029783278639307,5,-0.08969965366658247,-0.034113141783349954,0.07785766003239794,-0.2192359692825034,3
592206,"Castellanos, Nick","SD",2026,2026,-0.031970371938816244,-0.1511131884672534,0.11914281652843717,5,0.2506688578780733,0,-0.40178204634532666,4,0.1576206510158844,-0.03847783448744724,0.5027050804852107,-0.219532539170213,1
682927,"Simon, Ronny","PIT",2026,2026,-0.03224470877773655,-0.5570934669556379,0.5248487581779013,10,0.27119558793062704,-0.7775687100504769,-0.05072034483578794,7,0.5345194337812127,-0.009670675603311443,2.193287671385453,-0.06819434622493842,3
664059,"Haggerty, Sam","TEX",2026,2026,-0.03252573887791049,0.044631330792617815,-0.07715706967052831,5,0.05313640139545012,0,-0.008505070602832308,2,-0.06604067048597789,-0.011116399184550327,0.5069240396250023,-0.08107951149817566,3
691176,"Domínguez, Jasson","NYY",2026,2026,-0.05516080496025089,-0.7798639310508899,0.724703126090639,22,0.7207339036124145,-0.8036058259831707,-0.6969920086801339,14,0.37736251274561694,0.34734061334502203,2.183330592246018,1.6724580948194798,8
624428,"Frazier, Adam","LAA",2026,2026,-0.05742553267771222,0.35937315206462456,-0.4167986847423368,13,0.6378841338185395,0,-0.2785109817539149,10,-0.3954743829538767,-0.02132430178846009,-1.786254888893649,-0.24487963932033008,3
687859,"Johnston, Troy","COL",2026,2026,-0.07301364837062474,0.8245343664910028,-0.8975480148616275,51,2.5547051382362302,-0.7569709939382975,-0.9731997778069298,44,-1.2182606670929952,0.32071265223136763,-4.651294292603845,1.351806469068858,7
694362,"Dunn, Blake","CIN",2026,2026,-0.07833759263246132,0.22634393364395278,-0.3046815262764141,20,0.45670585056460533,0,-0.23036191692065247,12,-0.6934733686036271,0.38879184232721303,-1.0672323334476495,1.7449625833854772,8
668885,"Martin, Austin","MIN",2026,2026,-0.08925171154578183,-0.18057041678343438,0.09131870523765255,43,1.9889271850969812,-1.5169160686512013,-0.6525815332292141,28,0.17776165380259426,-0.08644294856494145,3.6658509613555013,-0.7063734914633109,15
676369,"Velázquez, Nelson","HOU",2026,2026,-0.09914229915578032,-0.034213323903813105,-0.06492897525196722,6,0.07160830229669025,0,-0.10582162620050337,6,-0.04753647935199487,-0.01739249589997237,-0.47153928442127085,-0.10664115165547494,0
640459,"Navarreto, Brian","MIA",2026,2026,-0.10012325493632576,-0.09985527371784313,-0.0002679812184826336,5,0.0771135114393252,0,-0.17696878515716832,5,-0.015410734262362377,0.01514275304387974,-0.13759258768422336,-0.04135248476688747,0
682818,"Piñango, Yohendrick","TOR",2026,2026,-0.1189315698275969,0.31414271833167656,-0.43307428815927346,12,0.5568218156375626,0,-0.24267909730588597,10,-0.37544878119973524,-0.05762550695953829,-1.507543235064965,-0.43332103328661287,2
805805,"Jenkins, Walker","MIN",2026,2026,-0.11911377075665308,0.1807561492767688,-0.2998699200334219,9,0.482790557654489,0,-0.30203440837772016,7,-0.27296954495169734,-0.02690037508172454,-0.5757787968351026,-0.16012782012918786,2
608324,"Bregman, Alex","CHC",2026,2026,-0.13590093169279427,0.8813995504298103,-1.0173004821226046,45,3.0918920064094144,0,-2.2104924559796024,41,-0.879492752661217,-0.13780772946138775,-5.516695812229444,-1.0621850962302284,4
804668,"Flores Jr., Rafael","PIT",2026,2026,-0.1399484956053505,-0.010204852492230323,-0.12974364311312017,5,0.1951422683928103,0,-0.20534712088504056,5,-0.07543480097359752,-0.0543088421395226,-0.9200726261298363,-0.32036229037319897,0
700246,"Williams, Carson","TB",2026,2026,-0.14576955903997207,0.3082505007129829,-0.45402005975295495,7,0.4594229032693749,0,-0.15117240255639205,6,-0.4532701709836016,-0.0007498887693533611,-1.1325134411659996,-0.004063038985568872,1
624424,"Conforto, Michael","CHC",2026,2026,-0.15312741315513623,-0.19953168519685113,0.04640427204171489,18,0.7970416405598362,0,-0.9965733257566873,17,0.16533411000280288,-0.11892983796108796,-0.7697453388208224,-0.7826400319620511,1
663837,"Vierling, Matt","DET",2026,2026,-0.15529290510451593,0.1136569215723033,-0.2689498266768192,29,1.3120854122092622,-0.9084942282176922,-0.2899342624192669,23,-0.21347010063614014,-0.055479726040679245,0.12415066944541073,-0.5091476146928732,6
646240,"Devers, Rafael","SF",2026,2026,-0.18067238955370946,0.19696506404328668,-0.37763745359699613,53,2.8419912481992182,0,-2.6450261841559315,53,-0.2512430852676851,-0.1263943683293108,-4.299095439970264,-0.9251261217965475,0
663611,"Madrigal, Nick","TB",2026,2026,-0.19088272326605127,0.19260175626775267,-0.38348447953380393,8,0.22932940571463145,0,-0.03672764944687877,6,-0.375762295660501,-0.00772218387330297,-1.0912032509930838,-0.06947590609422397,2
664040,"Lowe, Brandon","PIT",2026,2026,-0.19616206566998493,0.20969729608476265,-0.40585936175474757,46,2.236423060376128,0,-2.0267257642913656,45,-0.20768486803720873,-0.19817449371753879,-4.795521428511675,-1.3854023064101235,1
691016,"Soderstrom, Tyler","ATH",2026,2026,-0.1965776901448081,0.01463647865315379,-0.2112141687979619,44,2.499262347727338,-1.5487134635306403,-0.9359124055435437,43,-0.11553104152204667,-0.09568312727591523,-2.6582425062882473,-0.7494659207864802,1
681624,"Pages, Andy","LAD",2026,2026,-0.19997333027614628,0.3879661954671718,-0.5879395257433181,65,3.200000646769224,-1.5234257345961715,-1.2886087167058817,46,-0.8803946936774253,0.2924551679341078,-0.07554187930929013,1.2150005313998116,19
663698,"Bart, Joey","CWS",2026,2026,-0.20445416872361377,-0.07922200983624748,-0.1252321588873663,5,0.14049540810721312,0,-0.21971741794346064,5,-0.11149508162839254,-0.013737077258973758,-1.3593441176358176,-0.12303116174342242,0
669397,"Allen, Nick","HOU",2026,2026,-0.2055871569128779,-0.22290728921046116,0.01732013229758325,20,1.1488883560820804,-0.9298065110850944,-0.4419891342074474,19,0.11359613586022685,-0.09627600356264358,-0.26433095530526923,-0.6352544247795004,1
691594,"Sanoja, Javier","MIA",2026,2026,-0.20688245605812594,0.6379423512641224,-0.8448248073222483,63,3.21994404825044,-1.7043867631597074,-0.8776149338266104,49,-0.705636139589589,-0.13918866773265934,-1.8357746035128364,-0.007223031091315662,14
686668,"Doyle, Brenton","CWS",2026,2026,-0.2116383996756399,-0.8643946618005884,0.6527562621249485,34,1.4779579698861178,-1.5555393883104345,-0.7868132433762721,17,0.7374332050290485,-0.08467694290410034,7.293500582345829,-0.5274304538375616,17
677956,"Hinds, Rece","BAL",2026,2026,-0.21541816310841624,-0.13789234195485062,-0.07752582115356563,5,0.020381223249117175,0,-0.1582735652039678,5,-0.04031366735087952,-0.03721215380268611,-0.3462950355291177,-0.2188942680487885,0
691785,"Mayer, Marcelo","SF",2026,2026,-0.21958964396406028,-0.1877767761148402,-0.031812867849220064,16,0.574279759277332,0,-0.7620565353921722,15,0.04082941651697996,-0.07264228436619996,-0.8940738671739,-0.4683389037607001,1
691788,"Mack, Joe","MIA",2026,2026,-0.22446291463578047,-0.062212958356921345,-0.16224995627885913,16,0.8943299233814133,0,-0.9565428817383349,16,-0.0981787838179829,-0.06407117246087625,-2.478261839435898,-0.4355874093857585,0
592450,"Judge, Aaron","NYY",2026,2026,-0.2532747127543558,0.3409035245285505,-0.5941782372829063,23,0.9300400953505057,0,-0.5891365708219551,16,-0.5900298789237242,-0.004148358359182036,-0.32995621242751694,-0.15191269780449657,7
663853,"Gonzalez, Romy","BOS",2026,2026,-0.25372653172121895,0.04620468548888191,-0.29993121721010085,6,0.07855834646968524,0,-0.032353660980803334,4,0.16988157824037156,-0.4698127954504725,0.5099420297244158,-1.1200333722391596,2
656577,"Jackson, Alex","MIN",2026,2026,-0.2677934934578583,-0.197926717163812,-0.0698667762940463,6,0.3883968238571072,0,-0.5863235410209192,6,-0.028486320835472957,-0.04138045545857337,-0.4531975274528206,-0.308358045181857,0
543760,"Semien, Marcus","NYM",2026,2026,-0.26965162030841705,0.7049912344586498,-0.9746428547670668,41,2.744505103041896,-0.7831462846467997,-1.2563675839364468,31,-1.110092117375586,0.13544926260852036,-3.07248769009985,0.4339897434352472,10
691011,"Romo, Drew","CWS",2026,2026,-0.2871453130868022,-0.37772741873652876,0.09058210564972657,9,0.33200598095181455,0,-0.7097333996883436,8,0.13413770266992703,-0.04355559702020046,-0.17553309559521604,-0.34387211665947204,1
595879,"Báez, Javier","DET",2026,2026,-0.2897433306941207,0.5151068868179363,-0.804850217512057,25,1.7694276395481325,-0.9234514825134942,-0.3308692702167023,22,-0.31077825731760583,-0.4940719601944514,-1.3299085222931137,-1.3239820974714052,3
805346,"Ross, Ben","MIN",2026,2026,-0.2962731145685332,-0.4820810878609094,0.18580797329237617,7,0.3704860527972479,-0.7605350706087014,-0.09203207004945593,6,0.19858777887811307,-0.012779805585736917,0.98864795821512,-0.06843315298773675,1
686765,"Sogard, Nick","BOS",2026,2026,-0.2997668731746751,0.21671768816953996,-0.516484561344215,24,1.525849491655722,-0.7642071406490426,-0.5449246628371396,22,-0.39336019662860716,-0.12312436471560789,-2.3055277393628755,-0.7705567265285383,2
701852,"Cavanaugh, Drew","SF",2026,2026,-0.3034585922816981,-0.08914890780267683,-0.21430968447902127,5,0.36244890698848287,0,-0.45159781479115974,5,-0.13339913386634653,-0.08091055061267471,-1.5675525056984216,-0.529413083752745,0
669221,"Murphy, Sean","ATL",2026,2026,-0.3067899968041834,-0.19705842420899566,-0.10973157259518775,5,0.35656748259116944,0,-0.5536259068001651,5,-0.08774151971399617,-0.0219900528811916,-0.8492920326948128,-0.14974621290475978,0
699625,"Crooks, Jimmy","STL",2026,2026,-0.3205882010305724,-0.21843749252347527,-0.10215070850709711,8,0.06382648098481664,0,-0.2822639735082919,8,-0.09477667158673321,-0.007374036920363874,-0.9934675446896997,-0.04707795945688542,0
694514,"Thompson, Sterlin","COL",2026,2026,-0.3215910517448649,-0.28768933622580184,-0.03390171551906307,6,0.41996162315044117,0,-0.7076509593762431,6,-0.012375718120004146,-0.02152599739905893,-0.5489071522191162,-0.13780185823602523,0
676724,"Young, Jared","NYM",2026,2026,-0.34786600460871236,-0.123733761421691,-0.22413224318702138,32,2.08539394992158,-0.837925990828529,-1.3712017205147422,28,-0.12804588116279259,-0.09608636202422885,-1.9376540103191737,-0.7118539041900194,4
687231,"Hernaiz, Darell","ATH",2026,2026,-0.3548767892352269,-0.4489586718611522,0.09408188262592529,11,0.7530450377847008,-0.8288068963897331,-0.37319681325611975,10,0.14061178521055337,-0.04652990258462812,-0.12725293574383484,-0.2819137853126873,1
642201,"White, Eli","BOS",2026,2026,-0.3561979845607094,-0.2515409459671712,-0.1046570385935382,27,1.159379922601779,-0.8841063024688862,-0.5268145661000637,20,-0.06660376616448284,-0.0380532724290554,1.1513932928927797,-0.45636125632406177,7
680728,"Del Castillo, Adrian","AZ",2026,2026,-0.3637404555470639,-0.3562655762352753,-0.007474879311788595,5,0.08554682417820461,0,-0.4418124004134799,4,0.06864137184951992,-0.07611625116130845,-0.9570512114498431,-0.48004095166326155,1
655316,"Monasterio, Andruw","BOS",2026,2026,-0.363756659377475,0.3316339394933913,-0.6953905988708663,38,1.6016490060157977,-0.7935925830688945,-0.47642248345351196,30,-0.27909491649108475,-0.41629568237978154,-0.5469874723914794,-1.0262875829398597,8
695720,"White, Tommy","ATH",2026,2026,-0.364115827660342,0.2310580054230872,-0.5951738330834292,11,0.5729643049558687,0,-0.3419062995327815,10,-0.5498836504688583,-0.045290182614570906,-2.3351158228499327,-0.2609083459331059,1
543510,"McCann, James","AZ",2026,2026,-0.37962983590836963,-0.26240244019972986,-0.11722739570863976,8,0.4142223914445971,0,-0.6766248316443269,8,-0.0919870151343787,-0.025240380574261066,-1.252088942977223,-0.1556112374052049,0
519317,"Stanton, Giancarlo","NYY",2026,2026,-0.38597687122629515,-0.5513323643460297,0.16535549311973458,5,0.1472276017080053,0,-0.6985599660540351,4,0.17427043764907774,-0.008914944529343112,0.5244587137306841,-0.07758929648466345,1
676551,"Hicklen, Brewer","ATL",2026,2026,-0.388227638260636,0.1526922565784099,-0.5409198948390459,8,0.48679524230822363,0,-0.33410298572981373,7,-0.5074297266025634,-0.033490168236482605,-1.5939519598283654,-0.20487631025281514,1
664056,"Bader, Harrison","SF",2026,2026,-0.4011115919649788,-0.33235621026491435,-0.06875538170006448,9,0.2579269709469972,0,-0.5902831812119116,9,-0.046579579183762064,-0.022175802516302405,-0.5796710259643616,-0.22162202801635367,0
502671,"Goldschmidt, Paul","NYY",2026,2026,-0.4067625858575849,-0.2830624792274515,-0.12370010663013341,24,0.7255764899622489,0,-1.0086389691897006,23,-0.19850750566260056,0.07480739903246716,-2.5176044790037695,0.19808402740621203,1
682663,"Ramírez, Agustín","MIA",2026,2026,-0.4072865528155847,0.3166464193222528,-0.7239329721378375,21,1.1762360936648872,0,-0.8595896743426346,17,-0.41633938447681385,-0.30759358766102357,-1.9189090017657484,-0.5858074597217509,4
621566,"Olson, Matt","ATL",2026,2026,-0.4208424886604047,-0.2864846635505823,-0.13435782510982242,55,2.8289358433625402,-0.9725415439443635,-2.1428789629687595,53,0.03767002523498098,-0.17202785034480347,-2.732631169138102,-1.1576181402844807,2
677870,"Jiménez, Leo","MIA",2026,2026,-0.42449334839372654,-0.4125902623537999,-0.011903086039926647,14,0.7637838299853861,-0.7988238509733149,-0.3775502413658713,13,0.017551687788781006,-0.029454773828707637,-1.148248836421325,-0.26588629265463426,1
696030,"Osuna, Alejandro","TEX",2026,2026,-0.4254703924331257,0.06145659238423011,-0.4869269848173558,20,1.28310443431769,-0.7785697140466386,-0.44307812788682144,15,-0.6585167964005851,0.17158981158322928,-2.879433845613047,0.7138773775311225,5
669127,"Langeliers, Shea","ATH",2026,2026,-0.45186897895675393,-0.15812426769447477,-0.2937447112622792,33,1.5309626778589869,0,-1.6890869455534616,29,-0.20023459987868242,-0.09351011138359677,-2.010057325071066,-0.7237979594101951,4
694384,"Schanuel, Nolan","LAA",2026,2026,-0.4608913238594468,-0.32350054155941665,-0.13739078230003016,37,2.546285372725884,-0.8138784026970922,-2.0559075115882073,36,-0.09104099178618145,-0.04634979051384863,-3.569291842253567,-0.5700377673332703,1
807799,"Yoshida, Masataka","BOS",2026,2026,-0.4695288045988823,-0.6429104692603478,0.17338166466146548,23,0.38250137528643374,0,-1.0254118445467817,21,0.24950892049763573,-0.07612725583617026,-0.7046666056057335,-0.5936749624319615,2
672356,"Arias, Gabriel","CHC",2026,2026,-0.4747409166713919,-0.8996808380949007,0.42493992142350884,11,0.47497328792588767,-0.9267570268169638,-0.4478970992038246,8,0.26988444023857294,0.15505548118493587,0.32177949756595525,0.707008156955466,3
701762,"Kurtz, Nick","ATH",2026,2026,-0.4820140960037608,-0.7941691437283784,0.31215504772461766,35,1.4699175473167705,-0.9369660239464159,-1.3271206670987332,28,0.2838875243788842,0.028267523345733403,-0.4574368835003103,-0.14946387696583152,7
656582,"Joe, Connor","SEA",2026,2026,-0.4879757699332763,-0.6728464156169573,0.18487064568368103,6,0.39819179012274414,-0.9980383083437341,-0.07299989739596743,5,0.20139481375567067,-0.01652416807198964,0.6121037401445136,-0.1010752996263197,1
695490,"Arroyo, Edwin","CIN",2026,2026,-0.49505237729402735,-0.16257887415878886,-0.3324735031352385,13,1.0095848480394674,-0.7531413467094868,-0.41902237548876925,11,-0.3033187510132987,-0.029154752121939714,-1.2483273636280248,-0.28462386599168077,2
681807,"Fry, David","CLE",2026,2026,-0.49690728152912556,-0.3183826341400231,-0.17852464738910243,10,0.6001353788148863,0,-0.9185180129549094,10,-0.1394832254700665,-0.03904142191903595,-1.9165829272879138,-0.29316444671469816,0
683227,"Freeman, Cody","TEX",2026,2026,-0.501128283181062,-0.13472239029250999,-0.36640589288855197,6,0.1381882723433773,0,-0.27291066263588726,4,-0.3433020672252591,-0.023103825663292804,-0.8579984093746301,-0.17464033511007035,2
677592,"Pereira, Everson","STL",2026,2026,-0.5098246331526233,-0.23725404733969635,-0.2725705858129269,7,0.045129176854299013,0,-0.2823832241939954,5,-0.25676837020074084,-0.015802215612186147,-0.6810127995392302,-0.15520769602820436,2
669357,"Gorman, Nolan","STL",2026,2026,-0.5155359816742531,-0.3890725491472331,-0.12646343252701994,12,0.5997613295595641,0,-0.9888338787067973,12,-0.08555534000664046,-0.040908092520379476,-1.8891822628659884,-0.2839852016388849,0
669720,"Hays, Austin","SD",2026,2026,-0.5175718192590615,-0.004293790494374048,-0.5132780287646874,5,0.1358303991553324,0,-0.14012418964970644,4,-0.5003368784440007,-0.012941150320686491,-1.7091881803625546,-0.1545537687474338,1
699013,"Valdez, Esmerlyn","PIT",2026,2026,-0.52298231189953,-0.40876745186763364,-0.11421486003189645,17,0.37618299528483923,0,-0.7849504471524729,17,-0.07916682262069252,-0.0350480374112039,-1.5386583234524103,-0.3122371100959241,0
641598,"Garver, Mitch","SEA",2026,2026,-0.5386680328309158,-0.5064332963582947,-0.03223473647262107,8,0.299873510351932,0,-0.8063068067102268,7,0.015607847787145728,-0.047842584259766834,-0.7371339385652043,-0.3177809280407673,1
807726,"Peck, John","DET",2026,2026,-0.5435809611108372,-0.6075102270072366,0.0639292658963994,7,0.20087562558531796,-0.7948025276052567,-0.013583324987297774,3,0.07684801725882469,-0.012918751362425337,1.3243008886138345,-0.11508830693882544,4
663647,"Hayes, Ke'Bryan","CIN",2026,2026,-0.5437702433278706,-0.058320564638101806,-0.48544967868976885,7,0.40620923736421277,0,-0.4645298020023147,6,0.0024758013925545927,-0.4879254800823235,-0.9833174594331549,-1.271009819512764,1
695600,"Jensen, Carter","KC",2026,2026,-0.5501048519899369,0.28254481655419317,-0.83264966854413,51,3.120393670330745,-1.6099931739992428,-1.2278556797773084,49,-0.8800223371797772,0.047372668635647465,-6.6032709016542235,0.044922425377278453,2
602104,"Urías, Ramón","STL",2026,2026,-0.5563962225730832,-0.03588153409272465,-0.5205146884803585,10,0.27478751217513914,0,-0.3106690462678638,9,-0.5164811121597689,-0.004033576320589663,-1.7446474831035863,-0.07745675018450698,1
642708,"Rosario, Amed","NYY",2026,2026,-0.581748873112564,-0.34478076329245666,-0.23696810982010735,11,0.2556862694093296,0,-0.6004670327017861,8,-0.20191034829150184,-0.03505776152860536,-0.6396189523570162,-0.34459996029199547,3
645305,"Sánchez, Ali","NYY",2026,2026,-0.5819958650219886,-0.02191810165653058,-0.560077763365458,5,0.36987261954116846,0,-0.391790721197699,4,-0.49374067301026947,-0.06633709035518848,-1.834115070388635,-0.4324192629050197,1
621438,"Taylor, Tyrone","CHC",2026,2026,-0.584008027061939,-0.484979875625557,-0.09902815143638197,26,1.0820037432067269,-0.8694809725692243,-0.6975026462630596,22,-0.03327905592243425,-0.06574909551394748,-0.255175129457388,-0.568711924194663,4
665489,"Guerrero Jr., Vladimir","TOR",2026,2026,-0.5890301207224167,-0.37070968594476716,-0.2183204347776495,59,3.455941427259589,-0.7681260948008136,-3.058525018403542,53,-0.04607323858857213,-0.17224719618907755,-2.542966727774384,-1.110486615986144,6
673490,"Kim, Ha-Seong","ATL",2026,2026,-0.6042940260907721,-0.5245573258729351,-0.07973670021783698,9,0.36044688423243065,-0.8129997029744211,-0.07200450713094467,6,-0.0647567880865666,-0.014979912131270364,0.6927847864929761,-0.14359967571149743,3
806146,"Lombard Jr., George","NYY",2026,2026,-0.6135017932483205,-0.12650053178889742,-0.48700126145942313,19,1.072657353084292,-0.7554557694275943,-0.44370211544559474,17,-0.37628225359037926,-0.11071900786904369,-1.7763217330726373,-0.6361034737017724,2
679822,"Foscue, Justin","TEX",2026,2026,-0.621754303300262,0.09584268322856922,-0.7175969865288313,11,0.9301372528219811,0,-0.8342945695934113,10,-0.6140387969639723,-0.10355818956485896,-2.6084795531971126,-0.5942521871805376,1
678218,"Valenzuela, Brandon","TOR",2026,2026,-0.6345274502520817,-0.377393712600856,-0.25713373765122566,15,1.004501028624989,0,-1.3818947412258449,15,-0.16905213566909863,-0.088081601982127,-2.9037812220084813,-0.6151048000709729,0
656716,"McKinstry, Zach","DET",2026,2026,-0.6376999703363915,1.2987432534225658,-1.9364432237589573,49,3.471594016665361,-1.534365696131367,-0.6384850671114278,38,-1.4324689745424706,-0.5039742492164861,-3.655922792198258,-1.4598022872850298,11
678882,"Rafaela, Ceddanne","BOS",2026,2026,-0.6461128237088787,1.2682529731804666,-1.9143657968893453,79,4.5875252395560135,-2.4183783248609245,-0.9008939415146229,53,-1.4456777046620384,-0.4686880922273071,0.9959039097279933,-1.4196448933956054,26
680977,"Donovan, Brendan","SEA",2026,2026,-0.6687477921083209,0.21678049732895352,-0.8855282894372745,13,0.6221148456413339,0,-0.40533434831238035,10,-1.0285324283749344,0.14300413893765992,-4.16084351218517,0.4988509121226745,3
666023,"Fermin, Freddy","SD",2026,2026,-0.6842499295916966,-0.20951637530454315,-0.4747335542871535,17,0.9190649701945526,-0.8188992163425366,-0.30968212915655896,15,-0.44033988961517895,-0.034393664671974675,-1.9089302827671792,-0.28238039965481754,2
691907,"Cheng, Tsung-Che","BOS",2026,2026,-0.6915947946945871,-0.19224576483208233,-0.49934902986250473,5,0.1344244818074011,0,-0.32667024663948346,4,-0.49899263439512426,-0.00035639546738051105,-1.4782891685716988,-0.016460086907273644,1
699302,"Rodríguez, Héctor","CIN",2026,2026,-0.702498999323967,-0.5159066119344878,-0.18659238738947911,14,1.2140346508753106,-1.6755907279091709,-0.05435053490062801,14,-0.1399234104363097,-0.04666897695316942,-1.6258882691607257,-0.25969652389668396,0
656305,"Chapman, Matt","SF",2026,2026,-0.7037195506851521,0.08641062089535939,-0.7901301715805115,31,1.46031138095805,0,-1.373900760062691,30,-0.7283301528519117,-0.0618000187285998,-4.300934019891942,-0.430302674385697,1
666397,"Julien, Edouard","COL",2026,2026,-0.708940540153654,-0.2079687505965421,-0.500971789557112,28,1.6953235449542643,-0.8726136054065559,-1.0306786901442508,23,-0.4498829532666443,-0.051088836290467676,-2.365987195125618,-0.4135738415564234,5
676475,"Burleson, Alec","STL",2026,2026,-0.7262001047936502,-0.47491130537214127,-0.25128879942150895,54,2.230495354275151,0,-2.705406659647291,50,-0.08724753237275931,-0.16404126704874977,-2.0138373100891385,-1.133979078547575,4
703492,"Morabito, Nick","NYM",2026,2026,-0.7274155183251118,-0.19915950518173642,-0.5282560131433753,5,0.05555977704523281,0,-0.2547192822269692,1,-0.5145066496155765,-0.013749363527798942,-0.3744633633230899,-0.15830589052070676,4
686527,"Canzone, Dominic","SEA",2026,2026,-0.7482450882958823,-0.42873241052617156,-0.31951267776971076,32,1.3051084845415177,0,-1.7338408950676896,29,-0.2623860367547989,-0.05712664101491189,-2.7504297393959787,-0.5555409692723345,3
542303,"Ozuna, Marcell","PIT",2026,2026,-0.7655646609591787,-0.5801130784159274,-0.18545158254325136,7,0.1616694750048149,0,-0.7417825534207423,7,-0.14363354701753303,-0.04181803552571832,-1.5839578450837273,-0.29374199406419504,0
694208,"Ballesteros, Moisés","LAA",2026,2026,-0.7935112975770469,-0.2385565013935675,-0.5549547961834794,15,0.7373310787184504,0,-0.9758875801120177,13,-0.04341083955471902,-0.5115439566287605,-2.376386997208884,-1.4354976503115964,2
681481,"Carpenter, Kerry","DET",2026,2026,-0.8022631899633255,-0.5281909150308804,-0.27407227493244496,10,0.301556747694136,0,-0.8297476627250165,10,-0.22647627757557084,-0.04759599735687419,-2.4010055173011815,-0.34593060281755816,0
623168,"Heineman, Tyler","LAA",2026,2026,-0.8242260060615204,-0.8706236653053546,0.04639765924383425,9,0.21963806399469793,-0.7675865719870437,-0.32267515731300883,8,0.06368292320359907,-0.017285263959764794,-0.6680645811697626,-0.12383849089139264,1
700250,"Rice, Ben","NYY",2026,2026,-0.8341599448048473,-0.6090966571489768,-0.2250632876558706,46,2.444272677760717,-0.883144127184974,-2.170225207724721,42,-0.2710919562857138,0.04602866862984353,-4.716080495470432,-0.09712081758972053,4
643376,"Jansen, Danny","TEX",2026,2026,-0.8598483915141726,-0.5298154991709323,-0.33003289234324024,15,0.3611963701725833,0,-0.8910118693435156,13,-0.2919192733559584,-0.03811361898728181,-1.1701593764238882,-0.24120052315391183,2
606192,"Hernández, Teoscar","LAD",2026,2026,-0.8615281716971774,-0.5749771058740216,-0.28655106582315587,41,2.7502478270440465,-1.5715354385464675,-1.753689494371601,37,-0.14359595436130226,-0.14295511146185363,-2.2834730406262427,-0.9699137345322141,4
592626,"Pederson, Joc","TEX",2026,2026,-0.8682436917163314,-0.9384870054616538,0.07024331374532233,24,1.3967346560438225,-0.853001788788786,-1.4822198727166902,22,0.11749004102850108,-0.04724672728317868,-1.850751182842983,-0.3573072611099573,2
543309,"Higashioka, Kyle","TEX",2026,2026,-0.8700576951470557,-0.7585332479952487,-0.11152444715180698,6,0.08120725669448864,0,-0.8397405046897375,6,-0.0802618443891971,-0.03126260276260985,-1.3223834866390787,-0.1885288232866683,0
664770,"Lukes, Nathan","TOR",2026,2026,-0.8766786446032644,-0.12384430037714776,-0.7528343442261166,27,1.7094473506878185,0,-1.8332916510649662,26,-0.7009881256840963,-0.05184621854202054,-4.916787585832153,-0.4388602321414704,1
665966,"Narváez, Carlos","BAL",2026,2026,-0.8883373379857186,-1.1221174764171948,0.23378013843147627,19,0.5495172165206883,-0.9537403614349897,-0.7178943315028934,17,0.1122952647368558,0.12148487369462051,-0.5665499769197315,0.5318514368428788,2
682177,"Schneemann, Daniel","CLE",2026,2026,-0.8964784365242803,-0.6188810494930086,-0.2775973870312717,27,1.4509483503737117,-1.5825290350267296,-0.4873003648399908,21,-0.3918237759862707,0.11422638895499904,-0.727289455165721,0.4879709805146931,6
669224,"Wells, Austin","NYY",2026,2026,-0.9038452952181023,-1.044606879615035,0.14076158439693265,19,0.5792279736713815,0,-1.6238348532864164,17,0.21330823445280575,-0.07254665005587312,-1.0683448154446074,-0.5619486269450447,2
669134,"Campusano, Luis","SD",2026,2026,-0.9094606307448088,-0.7554137051342854,-0.1540469256105234,13,0.6824188451841291,-0.9027712603725553,-0.5350612899458591,13,-0.11648557897827655,-0.0375613466322468,-1.8298795381292758,-0.36558979851385487,0
650559,"De La Cruz, Bryan","PHI",2026,2026,-0.9122407068700552,-0.6984830331401443,-0.21375767372991095,6,0.28159773896135465,-0.8467565625619224,-0.13332420953957644,6,-0.16302738865086724,-0.050730285079043716,-1.3068327429825266,-0.3644301503036322,0
663993,"Lowe, Nathaniel","CLE",2026,2026,-0.9156027609376653,-0.767876718256119,-0.14772604268154638,23,1.092073846226784,0,-1.8599505644829033,23,-0.10981584771454532,-0.03791019496700105,-2.354196121957708,-0.4487621384211542,0
691181,"Rodriguez, Emmanuel","MIN",2026,2026,-0.924301021885032,0.048097421594110866,-0.972398443479143,6,0.1916373461993634,0,-0.14353992460525253,4,-0.9514812870510598,-0.020917156428083117,-2.5162825248383545,-0.1082949778637832,2
595978,"Hedges, Austin","CLE",2026,2026,-0.9369195605648186,-0.8113820289534588,-0.12553753161135986,14,0.45199227524083,0,-1.2633743041942895,13,-0.31008721851832644,0.1845496869069666,-3.0362659531675606,0.6618320037212881,1
665953,"Chaparro, Andrés","WSH",2026,2026,-0.9490637712781496,-0.3817755899699573,-0.5672881813081923,14,0.7953402587332177,0,-1.177115848703175,13,-0.10071152167378135,-0.4665766596344109,-1.5590751833726981,-1.2292085981147425,1
650859,"Rengifo, Luis","SD",2026,2026,-0.9511709179749028,-0.13476048348985067,-0.8164104344850521,32,1.5426169718797351,-0.786280529405352,-0.8910969259642343,25,-0.7287099694676624,-0.08770046501738957,-2.027323500190713,-0.6797335469144754,7
695681,"Moore, Christian","LAA",2026,2026,-0.9559914968284428,-0.07889355095426398,-0.8770979458741788,7,0.09073796634520087,0,-0.16963151729946485,4,-0.4150082880525956,-0.4620896578215831,-1.5333365920310784,-1.1575933304547619,3
680779,"Davis, Henry","PIT",2026,2026,-0.9560769602937522,-0.8145424996161755,-0.14153446067757672,17,0.833300962842713,-0.9179957972253259,-0.729847665233563,14,-0.29304154685327044,0.15150708617569378,-1.8438584422472137,0.6578031193204704,3
543877,"Vázquez, Christian","HOU",2026,2026,-0.9653063644108824,-1.3342766991309212,0.3689703347200389,10,0.1436375245052038,0,-1.4779142236361247,7,-0.18843375890297803,0.557404093623017,-2.0905656886239328,2.5313664399892084,3
572233,"Walker, Christian","HOU",2026,2026,-0.9676962231097637,-0.6113009978276293,-0.35639522528213446,41,1.5853521829242507,-1.6299344434834966,-0.5667187372683837,41,-0.1690895892155249,-0.18730563606660952,-4.2474693632076645,-1.1325774310236743,0
676439,"Feduccia, Hunter","LAD",2026,2026,-0.9730983292106812,-0.914374244225695,-0.058724084984986116,17,0.7021908161060049,-0.8483636699151327,-0.7682013904165672,17,-0.027579174136852014,-0.0311449108481341,-1.4427541091880636,-0.2284754268661868,0
663743,"Fortes, Nick","TB",2026,2026,-0.974008928327078,-0.8610967821263042,-0.11291214620077374,30,1.0144013129282006,0,-1.8754980950545042,29,-0.054830181587589136,-0.05808196461318456,-1.5325020575989259,-0.467520308832081,1
641355,"Bellinger, Cody","NYY",2026,2026,-0.9823297570825287,1.0355923417006747,-2.0179220987832034,56,3.9103029548101826,-1.5216335228327358,-1.3530770902767721,44,-2.3004223910002657,0.28250029221706174,-7.022026241637198,0.9383861790304255,12
668952,"Kreidler, Ryan","MIN",2026,2026,-0.9888828545134765,-0.7633017946313504,-0.22558105988212612,24,1.2304065991313335,-1.6189870211766582,-0.37472137258602584,18,-0.7656847302834529,0.5401036704013263,-2.3547072272254006,2.6363952853307806,6
518692,"Freeman, Freddie","LAD",2026,2026,-0.9918464280115467,-1.3244228628713428,0.3325764348597962,61,2.6308001229414755,-1.7327767664734726,-2.2224462193393446,56,0.4960280991933824,-0.1634516643335859,-1.3958112439904986,-1.2191384650963542,5
641857,"McMahon, Ryan","NYY",2026,2026,-0.9988382216874943,-0.4580436316905337,-0.5407945899969606,22,0.911902305127046,-0.879393632243275,-0.4905523045743044,17,-0.8868968727557816,0.3461022827588209,-3.629109150400764,1.5476726206764866,5
694376,"Whitcomb, Shay","SF",2026,2026,-1.0034986853169625,-0.03859352373326442,-0.9649051615836981,8,0.13755078867858145,0,-0.17614431241184592,6,-0.9567324700165266,-0.008172691567171396,-2.7104372928549805,-0.061802252776391356,2
691777,"Muncy, Max","ATH",2026,2026,-1.0042313781915444,-0.8935894775687238,-0.11064190062282071,19,0.5088285025642587,0,-1.4024179801329828,15,-0.04165991445376449,-0.0689819861690561,-0.3372877616691497,-0.46118964252910877,4
643289,"Dubón, Mauricio","ATL",2026,2026,-1.0075092315428222,-0.8159837964409401,-0.1915254351018821,54,2.808919850558135,-2.2781189357861864,-1.346784711212888,46,-0.11226489031921687,-0.07926054478266539,-1.5217603857864446,-0.7192020806047642,8
668901,"Vientos, Mark","NYM",2026,2026,-1.0124851824895904,-0.832956317039192,-0.17952886545039848,12,0.4490199602477267,-0.7976831420285366,-0.4842931352583823,12,-0.13468132303999542,-0.04484754241040308,-1.5550189839772512,-0.29429091888531184,0
640902,"Pereda, Jhonny","SEA",2026,2026,-1.0213662729359976,-1.0050234163242342,-0.016342856611763344,5,0.2581407206530289,-0.9756592128410873,-0.2875049241361758,5,0.006656833187723469,-0.022999689799486807,-0.8635836478720492,-0.15490983166742942,0
609280,"Andujar, Miguel","SD",2026,2026,-1.02463255596732,0.05172420239322775,-1.0763567583605478,25,1.1443520588527873,0,-1.0926278564595595,20,-0.9898020294007529,-0.08655472895979505,-2.129286932929006,-0.6408131389046932,5
668800,"Knizner, Andrew","SF",2026,2026,-1.0512412767835142,-0.9464661259322874,-0.10477515085122688,6,0.5145264694028377,-0.908209871536992,-0.5527827237981332,6,-0.10128386369495379,-0.0034912871562730913,-0.9305416254403904,-0.08072826373825542,0
694728,"Matthews, Brice","HOU",2026,2026,-1.057093360588572,0.33505670850638747,-1.3921500690949595,20,0.8963289904262909,0,-0.5612722819199035,13,-1.5754509857384118,0.18330091664345252,-3.8190638987494654,0.8151273607366069,7
669242,"Edman, Tommy","LAD",2026,2026,-1.0718028813461655,-0.6687061693687096,-0.40309671197745583,36,1.595583634639437,-0.932608197274412,-1.331681606733735,27,-0.5462227254311722,0.1431260134537167,-1.0433157269834294,0.44050453712360865,9
553993,"Suárez, Eugenio","CIN",2026,2026,-1.0775701490664402,-0.13978653484907105,-0.9377836142173691,29,1.6057423366817951,-0.934208384370392,-0.8113204871604748,28,-0.8579733618239669,-0.07981025239340246,-5.7855296744650575,-0.6558094351635524,1
687597,"Beck, Jordan","COL",2026,2026,-1.0800871330017576,-0.1843908024830502,-0.8956963305187075,14,0.8265210980851088,-0.7942045995614297,-0.21670730100672916,11,-0.36667005892545446,-0.5290262715932528,-1.4750310174273744,-1.4754202410124762,3
669394,"Burger, Jake","TEX",2026,2026,-1.0910360131208268,-0.46109829287285453,-0.6299377202479722,36,1.2630014978730784,0,-1.7240997907459334,31,-0.10034977526886465,-0.5295879449791074,-1.9344390192339707,-1.6080159243447845,5
665804,"Amaya, Miguel","CHC",2026,2026,-1.0938256664294665,-0.9676975100125895,-0.1261281564168769,12,0.4776973546969296,0,-1.4453948647095192,12,-0.047901637123624066,-0.07822651929325285,-1.617092875939613,-0.47179742653428575,0
664761,"Bohm, Alec","PHI",2026,2026,-1.1020816951710732,-1.2025607336469433,0.10047903847587004,37,1.136108416679659,0,-2.3386691503266035,35,0.04788570959693212,0.052593328878937896,-2.9474574275623353,0.0006433344898988985,2
669289,"Espinal, Santiago","LAD",2026,2026,-1.1181515051688504,-1.1050542058425639,-0.013097299326286614,5,0.04401828950302711,-0.7546495778266366,-0.39442291751895464,5,-0.0007553779906931644,-0.012341921335593448,-0.20015140141112617,-0.08854379040263344,0
645277,"Albies, Ozzie","ATL",2026,2026,-1.1299202731886135,0.040736093541850565,-1.1706563667304641,51,2.7166644905492796,-0.8639805161819255,-1.8119478808255036,45,-1.0616166209420217,-0.10903974578844236,-4.718316454704049,-0.8375093849314862,6
668939,"Rutschman, Adley","BOS",2026,2026,-1.1319400255878849,-0.8423949809097785,-0.2895450446781063,30,1.4792527039917547,-1.6521202218823117,-0.6695274630192223,30,-0.2421250244727134,-0.047420020205392904,-3.6019218480888955,-0.48933281777306725,0
687605,"Pinckney, Andrew","WSH",2026,2026,-1.1386163531639655,-0.868705593290809,-0.26991075987315655,5,0.07896173824736173,-0.7569989998745427,-0.19066833166362804,3,-0.26761922335349114,-0.0022915365196654446,-0.3475848173784496,-0.031852962158432765,2
665742,"Soto, Juan","NYM",2026,2026,-1.1438646663885272,-0.37032861448787124,-0.7735360519006561,36,1.7211328631495828,-0.7769827020843876,-1.3144787755530667,28,-0.8914346025433245,0.11789855064266845,-3.5136635128908695,0.36931724215651895,8
807713,"Shaw, Matt","CHC",2026,2026,-1.1672801313649335,-0.3344996695254232,-0.8327804618395104,23,1.5161340403919508,-1.5807465974836254,-0.26988711243374863,17,-0.8295213671979111,-0.003259094641599339,-1.2115596897655183,-0.1958049931213429,6
683734,"Vaughn, Andrew","MIL",2026,2026,-1.17650294461596,-0.7936262504800806,-0.3828766941358795,23,0.9528298884275592,0,-1.74645613890764,23,-0.30923744817050103,-0.07363924596537855,-3.372531892872658,-0.5970764138035457,0
669004,"Melendez, MJ","NYM",2026,2026,-1.1889295226309504,-0.16443970429152172,-1.0244898183394286,9,0.4984844263094762,0,-0.6629241306009981,7,-0.9900251694971849,-0.034464648842243685,-3.1691795397129345,-0.23304812868393962,2
663728,"Raleigh, Cal","SEA",2026,2026,-1.1951478570154648,-0.7774543734962733,-0.41769348351919144,21,1.1782227757094865,0,-1.9556771492057594,18,-0.5116911563040462,0.09399767278485444,-3.875381332498635,0.18946158056839948,3
800543,"De Paula, Josue","LAD",2026,2026,-1.2432569877362056,-0.9761444499266505,-0.26711253780955513,8,0.07058425736518616,-0.8732969226368736,-0.17343178465496314,6,-0.2532299374594748,-0.0138826003500802,-0.45318430714645097,-0.09455689718614392,2
656976,"Smith, Pavin","AZ",2026,2026,-1.2494800186224813,-1.3162043781407677,0.06672435951828648,7,0.15077394277480446,-0.8978497291904202,-0.5691285917251521,6,0.07927465329229998,-0.012550293774013501,-0.2911246188911094,-0.1125133182037542,1
664774,"Wade Jr., LaMonte","HOU",2026,2026,-1.2631099097090492,-1.1107153759855874,-0.1523945337234617,11,0.4938424043284273,-0.7960602050137331,-0.8084975753002822,11,-0.11730317582430397,-0.03509135789915777,-1.549307824839064,-0.20886639088217718,0
657757,"Sheets, Gavin","SD",2026,2026,-1.265233912904735,-1.4437392763065946,0.17850536340185966,24,0.9879787412539852,-0.9387071449786955,-1.4930108725818836,22,0.23031482592500666,-0.05180946252314707,-0.4284021761281799,-0.4290558298134299,2
680664,"Valencia, Eduardo","DET",2026,2026,-1.2835890671110946,-1.1228909080946374,-0.1606981590164571,13,0.45907282031178326,0,-1.5819637284064207,13,-0.12403029252189166,-0.03666786649456543,-1.2202283446318838,-0.25982903880539926,0
682674,"Bericoto, Victor","SF",2026,2026,-1.2872980447523574,-0.7956551333379889,-0.4916429114143685,8,0.1941338371082617,-0.7758951275366549,-0.2138938429095958,7,-0.4646122581954659,-0.027030653218902558,-1.3107617937542455,-0.15025142337054845,1
695731,"Montgomery, Braden","CWS",2026,2026,-1.291481517485959,0.37018361830666313,-1.6616651357926222,39,2.008377541238337,-0.7834841971560591,-0.8547097257756154,33,-1.5450556154946642,-0.11660952029795846,-4.652937951787662,-0.8194357133889352,6
664023,"Happ, Ian","CHC",2026,2026,-1.2961542804507877,-1.1066426578731636,-0.1895116225776242,48,2.7489941074784308,-1.562709589604146,-2.2929271757474488,45,-0.11719926745757543,-0.07231235512004872,-2.7377889978855636,-0.6689774902382646,3
641680,"Heim, Jonah","ATH",2026,2026,-1.2990353045785838,-0.9647870594810337,-0.3342482450975502,16,0.8315692025073856,0,-1.7963562619884195,16,-0.22659870596643328,-0.10764953913111697,-2.5309365806894815,-0.7558734516882307,0
682626,"Alvarez, Francisco","NYM",2026,2026,-1.3019163733534675,-0.5911800877708606,-0.7107362855826068,21,1.0136648782370958,-0.9215056035285352,-0.6833393624794217,20,-0.6162296493843236,-0.09450663619828341,-3.705159606979324,-0.7843302662841996,1
678554,"Mead, Curtis","BOS",2026,2026,-1.3114779263361032,-0.6248197592241362,-0.6866581671119669,29,1.589035727156379,-0.7851806962279179,-1.4286747901525976,25,-0.6391329519993899,-0.04752521511257702,-2.280812149523747,-0.4375295906971556,4
622268,"Walton, Donovan","ATH",2026,2026,-1.3197096143278897,-0.382467356183293,-0.9372422581445967,28,0.708504886009393,0,-1.090972242192686,25,-0.9102384016336248,-0.027003856510972188,-3.6340357632265827,-0.419260385153946,3
672515,"Moreno, Gabriel","AZ",2026,2026,-1.3292945700485688,-0.6579839994863051,-0.6713105705622635,54,1.6761906026789755,0,-2.33417460216528,46,-0.576926395987151,-0.09438417457511315,-2.6569081365247356,-1.110680152560573,8
686452,"Millas, Drew","WSH",2026,2026,-1.3366381723891723,-0.8518928726096056,-0.4847452997795667,9,0.5698640095984492,-0.8208095125786321,-0.6009473696294227,8,-0.47040557212253753,-0.014339727657029122,-2.020118655565368,-0.15871392948379687,1
660821,"Sánchez, Jesús","AZ",2026,2026,-1.3377116631269106,-0.8363310242922897,-0.5013806388346209,22,0.967078032542274,-0.7843864083519694,-1.0190226484825942,20,-0.4452215706565016,-0.056159068178119546,-2.071062692924789,-0.4923270294952592,2
702284,"Young, Cole","SEA",2026,2026,-1.3792130185915172,0.3798103843577436,-1.7590234029492609,58,3.2546351361437766,-1.5651849575075838,-1.309639794278449,51,-1.6433895579044822,-0.115633845044778,-7.3489401814358954,-0.890680069291234,7
596019,"Lindor, Francisco","NYM",2026,2026,-1.3828784466540447,0.27389129083843333,-1.656769737492478,44,2.164840438982949,-0.7704902073524519,-1.1204589407920633,38,-1.6223223624545549,-0.0344473750379234,-5.565095092259581,-0.48054872249925307,6
673237,"Diaz, Yainer","HOU",2026,2026,-1.4192964654906803,-0.7549085889690496,-0.6643878765216307,18,0.46976156006705183,0,-1.2246701490361012,17,-0.5890757570441231,-0.0753121194775072,-3.191361156680337,-0.4847830498311575,1
642086,"Smith, Dominic","ATL",2026,2026,-1.4501145604998211,-1.3532571773861262,-0.09685738311369503,17,1.1795902194756296,-0.8419344429579475,-1.6909129539038081,17,-0.04023914047977521,-0.0566182426339198,-1.9380047161218688,-0.513058570002013,0
673357,"Robert Jr., Luis","BAL",2026,2026,-1.4700439819400477,-0.23198415693592422,-1.2380598250041235,16,0.9187388799348483,0,-1.1507230368707726,12,-1.1968315105979452,-0.04122831440617838,-3.5010690441094496,-0.275170589165212,4
500743,"Rojas, Miguel","LAD",2026,2026,-1.47706943434773,-0.7438780878227006,-0.7331913465250293,22,0.6927295127961163,-0.8479833478110743,-0.5886242528077429,18,-0.2183749005905069,-0.5148164459345224,-1.3073165805786653,-1.5514789220252585,4
641487,"Crawford, J.P.","SEA",2026,2026,-1.478774650740881,-0.336835793224669,-1.141938857516212,22,1.290981016398946,-0.8252729917709185,-0.8025438178526966,21,-0.5015020785053866,-0.6404367790108257,-5.8028376132394195,-2.298148094815846,1
679529,"Torkelson, Spencer","DET",2026,2026,-1.5249127580825732,-0.8621887905503015,-0.6627239675322718,39,1.6458987722028313,-0.9375452708874407,-1.5705422918656928,37,-0.46888924317574154,-0.19383472435653054,-3.2748182779028645,-1.3422945349270001,2
680777,"Jeffers, Ryan","MIN",2026,2026,-1.5316735790148515,-1.3495176260884667,-0.18215595292638476,27,1.6930605970552437,-0.788796819308798,-2.2537814038349127,27,-0.10261662473509403,-0.07953932819129067,-2.31411924994104,-0.6471868078354169,0
686948,"Baldwin, Drake","ATL",2026,2026,-1.5381313356198942,-1.2345816488048313,-0.3035496868150629,39,2.1268976715656285,0,-3.361479320370459,37,-0.1948994567799626,-0.10865023003510021,-5.0093662140996695,-0.8542094673624044,2
808959,"Murakami, Munetaka","CWS",2026,2026,-1.5409490901630347,0.4757241589575179,-2.0166732491205526,31,1.8066468264959226,0,-1.3309226675384047,26,-1.8746518966230035,-0.14202135249754866,-7.333169732345851,-1.0740695689614181,5
677800,"Abreu, Wilyer","BOS",2026,2026,-1.5416196760241627,-0.5057292991624288,-1.0358903768617338,49,1.782358724142821,-0.7539425014367102,-1.5341455218685396,35,-1.0501421594401503,0.014251782578416385,-2.075298048928397,-0.3144899870289692,14
800325,"Lara, Luis","MIL",2026,2026,-1.5494182097427278,-1.2131888781239983,-0.3362293316187296,24,1.2101439509418173,-1.5326360138556132,-0.8906968152102026,19,-0.28681050934478125,-0.04941882227394849,-0.2539755549459286,-0.39947432119192633,5
596142,"Sánchez, Gary","MIL",2026,2026,-1.5975006752572636,-1.2831653185711926,-0.314335356686071,14,0.36383778888040436,0,-1.6470031074515972,14,-0.25512963439445047,-0.05920572229162055,-2.6438333750867966,-0.4493706702504642,0
553869,"Díaz, Elias","TEX",2026,2026,-1.6155677220606768,-1.4663269356896889,-0.149240786370988,10,0.09297815108089573,-0.9777334941745897,-0.5815715925959943,10,-0.09307885431602561,-0.056161932054962456,-1.133244501182919,-0.33474138887598587,0
691458,"Jordan, Blaze","STL",2026,2026,-1.6172053378332754,-1.4568076697858037,-0.16039766804747174,16,0.7576132995014057,-1.8559878143678679,-0.35843315491934136,16,-0.13124235437387377,-0.029155313673597943,-1.827320352517816,-0.17599660159090993,0
630105,"Cronenworth, Jake","SD",2026,2026,-1.6701196923652633,-1.4959050424545324,-0.17421464991073082,27,1.2615866875438615,-1.7169023146386093,-1.040589415359785,20,-0.08585348248297683,-0.0883611674277538,-0.10180714311596356,-0.5585611751048694,7
687401,"Ortiz, Joey","MIL",2026,2026,-1.6913725585969117,-0.5683950976060598,-1.122977460990852,42,1.6888355016804597,-0.9026263163510247,-1.3546042829354947,30,-1.2679452296697458,0.1449677686788941,-2.3104368511323328,0.25557658580391707,12
700932,"Manzardo, Kyle","CLE",2026,2026,-1.6988243553445086,-1.4325807161567825,-0.2662436391877261,21,0.6382427129299488,-0.8099215807880316,-1.2609018482986998,21,-0.231716387010715,-0.03452725217701115,-2.895060651423901,-0.28647258275074305,0
669236,"Jackson, Jeremiah","BAL",2026,2026,-1.7047650639753436,-0.3703506305076853,-1.3344144334676582,18,0.46915455516037957,0,-0.8395051856680651,14,-1.2692222998347724,-0.06519213363288609,-3.5698046038355096,-0.4414397291027572,4
670623,"Paredes, Isaac","HOU",2026,2026,-1.7168421871554846,-1.2594280028000926,-0.457414184355392,37,1.0095966134930199,0,-2.2690246162931116,37,-0.3800382371538763,-0.07737594720151568,-5.448199716444467,-0.734794519180862,0
682985,"Greene, Riley","DET",2026,2026,-1.728166680187712,-1.3178499205335705,-0.4103167596541415,52,2.2590719554716707,-1.6089237203466187,-1.9679981556586228,47,-0.4466371776122611,0.036320417958119536,-4.501432442183488,-0.08618877333773263,5
643217,"Benintendi, Andrew","CWS",2026,2026,-1.7535638057794858,-1.5830463084221262,-0.17051749735735952,35,1.7878798691745867,-1.764058076740387,-1.6068681008563253,35,-0.12038789437676514,-0.050129602980594413,-2.7503634260739647,-0.7653149974201627,0
673962,"Jung, Josh","TEX",2026,2026,-1.763071978061049,-1.4947557404512462,-0.26831623760980305,39,1.308305097917011,-0.770971997053159,-2.0320888413150984,38,-0.3196226297478874,0.05130639213808452,-4.169129155937515,0.04631888605925501,1
666126,"Cortes, Carlos","ATH",2026,2026,-1.7685047537626304,-1.2180488233343334,-0.550455930428297,23,0.943212208513143,-1.638692184620548,-0.5225688472269291,21,-0.5330692789346787,-0.01738665149361826,-4.074297383158801,-0.2391330843757637,2
676694,"Meyers, Jake","HOU",2026,2026,-1.7866166287082912,-0.4561665464173851,-1.330450082290906,14,0.940022784615508,-0.7936144790164863,-0.6025748520164065,10,-1.4886349562916548,0.15818487400074852,-4.853564834875138,0.588812715706199,4
687462,"Horwitz, Spencer","PIT",2026,2026,-1.7979756042812025,-1.6670469228433429,-0.13092868143785952,27,1.4341675871993438,-0.8116971320465893,-2.2895173779960967,25,-0.25955549791068083,0.1286268164728215,-4.6605647701533055,0.39661324724040103,2
694203,"Guzman, Denzer","LAA",2026,2026,-1.8154953097643307,-0.3319801227907251,-1.4835151869736056,22,0.550793481403492,0,-0.8827736041942174,15,-1.5742799514880461,0.09076476451444053,-4.907508816167929,0.23237906416646364,7
686681,"Massey, Michael","KC",2026,2026,-1.8463673948212989,-1.9121414789178808,0.06577408409658188,34,1.6408536819413404,-2.421160397475809,-1.1318347633834123,32,-0.20050411111817984,0.2662781952147617,-3.449142662748141,1.160066439570599,2
516782,"Marte, Starling","KC",2026,2026,-1.848250535153069,-1.3360443380850542,-0.5122061970680147,12,0.12594677949508634,-0.8390777310650167,-0.6229133865151238,7,-0.8662335419419518,0.3540273448739371,-2.703784592646673,1.689422676180781,5
687952,"Encarnacion-Strand, Christian","BAL",2026,2026,-1.855488607112207,-1.356362605607737,-0.4991260015044702,17,0.6342809968872403,-0.9049320459653651,-1.0857115565296123,15,-0.4354459521798158,-0.06368004932465444,-1.7305701752596878,-0.45033835525742955,2
657136,"Wong, Connor","BOS",2026,2026,-1.8884639903205933,-1.8599001895014338,-0.028563800819159497,21,0.37952162108532717,-1.762804902330152,-0.4766169082566088,17,0.04600060117722561,-0.0745644019963851,-0.07037388610762747,-0.4566387129954817,4
608369,"Seager, Corey","TEX",2026,2026,-1.8973384564646483,-1.2551352262636282,-0.64220323020102,25,0.6183767132263835,0,-1.8735119394900117,23,-0.4732867781202122,-0.1689164520808076,-3.918548404694697,-1.0839569868013024,2
656555,"Hoskins, Rhys","CLE",2026,2026,-1.915045882109855,-1.7909284003231942,-0.12411748178666092,21,0.7589193772190902,-1.6737364087852773,-0.8761113687570075,20,-0.04848515016480766,-0.07563233162185319,-1.7278887195731707,-0.5625702665920825,1
608348,"Kelly, Carson","CHC",2026,2026,-1.930875680302403,-1.5097852623966508,-0.42109041790575213,27,0.8825529302099743,-0.8361809856744548,-1.5561572069321707,27,-0.30226588099357177,-0.11882453691218015,-4.0537774067493375,-0.8150163357869271,0
681508,"Gasper, Mickey","BOS",2026,2026,-1.9674768186267073,-1.4306711603066873,-0.5368056583200201,18,0.4047153581267588,-0.8710486417423615,-0.9643378766910845,17,-0.4974670385794119,-0.039338619740608476,-3.6075447967473027,-0.33999248796755527,1
701678,"Lee, Hao-Yu","DET",2026,2026,-1.9841544398796112,-1.4962348505321252,-0.4879195893474858,36,1.3666631029282135,-1.6907431930505936,-1.1721547604097458,31,-0.43181830940331656,-0.05610127994416924,-1.7015718862425209,-0.4797258677729373,5
671056,"Herrera, Iván","STL",2026,2026,-1.9898228573238637,-3.0981754921847746,1.108352634860911,56,2.2977300340568907,-2.7517117999489136,-2.6441937262927544,48,1.0688374381202117,0.039515196740699164,0.6773366240482058,-0.321704188927983,8
624585,"Soler, Jorge","LAA",2026,2026,-1.9972385796939967,-1.8331691335094924,-0.16406944618450425,16,0.6191953515183959,-0.8938355897685768,-1.5585288952593115,16,-0.0718978774055175,-0.0921715687789867,-1.8111086123441602,-0.6510743165129259,0
681715,"Hernández, Heriberto","MIA",2026,2026,-1.997845669712409,-0.5360267696078561,-1.461818900104553,37,1.2055530924793416,-0.7605999048235818,-0.9809799572636159,23,-0.9121384910124541,-0.5496804090920991,-1.343286777094339,-1.6992342798719224,14
656775,"Mullins, Cedric","TB",2026,2026,-1.9982560817265294,-0.2200069362685608,-1.7782491454579685,38,1.2163245545166634,-0.8423546241487285,-0.5939768666364958,20,-1.227642835495413,-0.5506063099625556,0.7584537260500717,-1.7412926108359792,18
545361,"Trout, Mike","LAA",2026,2026,-1.9998265027336308,-2.458558965432361,0.45873246269873047,53,2.2854662704155673,-2.4379544356537775,-2.306070800194149,44,0.46724115105160186,-0.008508688352871718,0.132295907039868,-0.4313813020964169,9
681351,"O'Hoppe, Logan","TEX",2026,2026,-2.101305282756918,-1.93633678016128,-0.16496850259563778,11,0.45859860713683465,-0.930162129505945,-1.4647732577921695,11,-0.1167084815975245,-0.04826002099811329,-1.7222064144681382,-0.391347732968781,0
686469,"Pasquantino, Vinnie","KC",2026,2026,-2.1163603357407994,-2.503558401242948,0.38719806550214864,38,1.4881761521376602,-1.7320728837372317,-2.2596616696433762,34,0.46352523930131584,-0.07632717379916719,-0.21664534264489066,-0.7069840202107679,4
514888,"Altuve, Jose","HOU",2026,2026,-2.1346243104025744,-0.6817541689777025,-1.4528701414248721,42,1.81583288847864,-0.7538514309548281,-1.7437356265015154,34,-1.546630130355557,0.09375998893068488,-5.277940461976139,0.17406656362431833,8
672386,"Kirk, Alejandro","TOR",2026,2026,-2.153497203672202,-1.9603273737039673,-0.19316982996823484,8,0.10955416490078618,0,-2.0698815386047538,8,-0.13811489479556385,-0.05505493517267097,-1.965514550195319,-0.40319430243735005,0
671739,"Harris II, Michael","ATL",2026,2026,-2.1842080328849174,-0.9837167181831844,-1.2004913147017329,53,2.3248720214741825,-1.620857009532874,-1.6877317301244932,40,-1.237668955934225,0.037177641232492446,-3.2873060379346994,-0.18170635162646595,13
663886,"Stephenson, Tyler","CIN",2026,2026,-2.2277616503809785,-1.3259830851634715,-0.9017785652175069,24,0.5606511336970049,0,-1.8866342188604768,23,-0.7749350233239117,-0.12684354189359484,-5.249148382749194,-0.7916194286477483,1
695657,"Montgomery, Colson","CWS",2026,2026,-2.260349309378152,-1.7444341514964787,-0.5159151578816733,35,1.6332583868413193,-1.7977722313539704,-1.5799203069838288,33,-0.46259298630547885,-0.05332217157619446,-3.8906250043958934,-0.6233845486873226,2
672960,"Okamoto, Kazuma","TOR",2026,2026,-2.276723847216906,-2.0518168236093604,-0.22490702360754566,38,1.5780435029272535,-0.8767668430580975,-2.753093483478518,37,-0.16707503966331436,-0.05783198394423125,-3.6886514262836934,-0.6005158465493069,1
694212,"Basallo, Samuel","BAL",2026,2026,-2.2789373030915256,-2.0485683832872095,-0.23036891980431634,15,0.674914168731512,-0.7850597892316077,-1.938422762787114,15,-0.14949102965865213,-0.08087789014566416,-2.8295349783327133,-0.7199751996191621,0
691406,"Caminero, Junior","TB",2026,2026,-2.3140216333413592,-1.0259054090298314,-1.2881162243115276,41,1.9426343008419995,-0.8246267751946927,-2.143912934677139,38,-1.1713869522837643,-0.11672927202776347,-7.603950906883809,-0.863038351060129,3
643446,"McNeil, Jeff","ATH",2026,2026,-2.3172490178613034,-1.868688367377337,-0.4485606504839665,34,1.2551634482774823,-1.601552674318727,-1.5222991413360922,27,-0.2113745488634734,-0.2371861016204929,-2.3673979173537067,-0.21264643217544066,7
642715,"Adames, Willy","SF",2026,2026,-2.338689030939816,-2.2661607930917924,-0.07252823784802377,46,1.6905524110746026,-2.537384652520797,-1.419328551645601,39,-0.021171499422149093,-0.051356738425874536,-0.3183269971323754,-0.5993904339825463,7
663757,"Grisham, Trent","NYY",2026,2026,-2.375551091378147,-2.1371547514661993,-0.23839633991194764,39,2.2019277891092646,-2.3467423078261724,-1.9923402327492907,29,-0.1405016840841677,-0.0978946558277802,-0.7014372347693362,-0.837351737367232,10
669257,"Smith, Will","LAD",2026,2026,-2.3823452895223385,-2.105568257121163,-0.2767770324011756,19,0.5082105772892959,-1.6757733525786933,-0.9380054818317654,19,-0.20151703439932633,-0.07525999800184931,-2.4753771024066356,-0.49143705318308967,0
650490,"Díaz, Yandy","TB",2026,2026,-2.391137813902049,-1.9149960332207043,-0.4761417806813446,54,3.0148567402998636,-0.7765731787010728,-4.153279594819496,52,-0.27352737793712883,-0.20261440274421605,-5.591269471409007,-1.3417601809686588,2
671289,"Freeman, Tyler","COL",2026,2026,-2.4090559612149587,-1.198779116960105,-1.2102768442548537,24,0.7121728875806814,-0.8809428043288563,-1.03000920021193,16,-1.1359502442167275,-0.07432660003812633,-2.2158722070108903,-0.5501144767231053,8
672275,"Bailey, Patrick","CLE",2026,2026,-2.4377688591282967,-2.6278868906000987,0.1901180314718022,17,0.5839305298155247,-2.404258415889426,-0.8075590045261976,14,0.23655570427887626,-0.04643767280707406,-0.6542792495362327,-0.4278996026225391,3
666182,"Bichette, Bo","NYM",2026,2026,-2.454436981932351,-1.3744137768156521,-1.0800232051166987,48,2.5837105085730765,-0.8908156271789065,-3.0673086582098192,44,-0.9409229117168981,-0.13910029339980087,-5.777180104889456,-1.307439144014602,4
656941,"Schwarber, Kyle","PHI",2026,2026,-2.6323211268781357,-2.0684177547442757,-0.56390337213386,35,1.8077458641933202,-1.6143641407634302,-2.2617994781741664,32,-0.32687308282660804,-0.2370302893072518,-5.337766757926136,-0.29930831080150955,3
677587,"Rocchio, Brayan","CLE",2026,2026,-2.7517691590161846,-1.019882952224309,-1.7318862067918757,62,2.4342817808281416,-2.3540608879548532,-1.100103845097597,42,-1.5426828908499473,-0.18920331594192796,-2.377655008873617,-0.23429010812974813,20
661388,"Contreras, William","MIL",2026,2026,-2.824096384898536,-1.5209232659427154,-1.3031731189558207,36,1.5374967205172065,0,-3.0584199864599206,33,-1.1450650801208604,-0.15810803883496033,-7.942503524681826,-1.1381041882331329,3
571448,"Arenado, Nolan","AZ",2026,2026,-2.8527080944536514,-3.1106368165553238,0.25792872210167245,34,1.1995892259496947,-1.8601060957427755,-2.4501199467622428,31,0.33131773518795543,-0.07338901308628315,-0.6725602741173158,-0.7502335468812448,3
671277,"García Jr., Luis","NYY",2026,2026,-3.0020636257131033,-2.0493487329718336,-0.9527148927412695,36,1.6902772278604343,-1.6936941175176117,-2.045931843314656,32,-1.0911728165106827,0.13845792376941307,-6.373459732909818,0.35696914226197346,4
647304,"Naylor, Josh","SEA",2026,2026,-3.0479740857140754,-5.868677493842242,2.8207034081281663,64,0.9534387384585311,-3.513548838225109,-3.30856739407566,37,2.556268635911953,0.2644347722162136,11.76502252620317,2.0331426419814926,27
683737,"Busch, Michael","CHC",2026,2026,-3.0941243432764485,-2.1429068860607194,-0.951217457215729,47,1.885701479950445,-1.6481867020321102,-2.380421663979054,43,-0.8247765841392403,-0.12644087307648916,-5.228089762016333,-1.0058005039247981,4
521692,"Perez, Salvador","KC",2026,2026,-3.1657447145150357,-3.366943357218022,0.2011986427029862,30,0.4504148048170241,0,-3.8173581620350463,27,0.102200704951942,0.0989979377510442,-2.0625142108033563,0.3117746810356617,3
701398,"Stewart, Sal","CIN",2026,2026,-3.169030121696813,-3.476206548361865,0.30717642666505246,54,1.2009976104091051,-2.7105051245206537,-1.9666990342503166,34,0.08014841873220435,0.22702800793284772,1.8048117500919163,2.0643030876066066,20
664034,"France, Ty","SD",2026,2026,-3.192780368691202,-2.401457963966632,-0.7913224047245697,35,0.8556459764864768,-1.6058420785446563,-1.6512618619084527,34,-0.7021892649317729,-0.08913313979279691,-5.644394684111512,-0.5990741864369322,1
696100,"Goodman, Hunter","COL",2026,2026,-3.206964993711339,-1.7436169771059362,-1.4633480166054031,46,2.1544741724524172,-1.609212245975003,-2.2888789035833503,39,-1.3810897341357142,-0.08225828246968894,-4.808817353389723,-0.7741912563244793,7
686555,"Collins, Isaac","KC",2026,2026,-3.20930492897625,-1.472470032299471,-1.7368348966767793,57,2.774200564650714,-3.2883202552643827,-0.9583503416858014,43,-1.5461357096681085,-0.1906991870086709,-2.819714343175534,-1.1080817815351733,14
673548,"Suzuki, Seiya","CHC",2026,2026,-3.221754380080492,-2.9742893772074086,-0.2474650028730836,49,1.4513277946191319,-1.6610490221701721,-2.764568149656369,48,-0.07316509365398186,-0.1742999092191017,-4.123290850714989,-1.3342532995034733,1
547180,"Harper, Bryce","PHI",2026,2026,-3.2494734954141107,-1.3885857151815224,-1.8608877802325885,66,3.6319220209118255,-2.540903913434293,-2.4796038226590555,57,-1.6991264539134612,-0.1617613263191268,-7.537801555316238,0.0409233657060836,9
575929,"Contreras, Willson","BOS",2026,2026,-3.28690463888923,-1.977383667352527,-1.3095209715367029,44,2.191915687892564,-2.417673284709501,-1.75162607053559,38,-1.1645945652450787,-0.14492640629162398,-5.6297069322766315,-1.00111986036958,6
605170,"Caratini, Victor","MIN",2026,2026,-3.3127303891383786,-2.950787966688102,-0.3619424224502764,13,0.41007443167531077,-0.8918683237729036,-2.4689940745905097,13,-0.2990656902616502,-0.06287673218862615,-3.4337445945305203,-0.4456800858924745,0
805811,"Eldridge, Bryce","SF",2026,2026,-3.3190552318854873,-3.3417091729101562,0.02265394102466897,33,0.7328822776792022,-0.8514899809836214,-3.223101469605738,32,0.11963292967659246,-0.09697898865192345,-2.5782391436493137,-0.9300370317260602,1
666018,"Aranda, Jonathan","TB",2026,2026,-3.419703259540221,-2.3706203615296566,-1.0490828980105644,40,1.4245007599916448,-0.865568053977783,-2.9295530675435195,39,-0.8810160515519347,-0.16806684645862977,-6.834635594927596,-1.2117464217673422,1
656811,"O'Hearn, Ryan","PIT",2026,2026,-3.549923571405523,-3.2380423249640615,-0.31188124644146165,28,0.7501434945222638,-0.9387071449786955,-3.0494786745076294,28,-0.22387050174500034,-0.08801074469646147,-3.4646608764594884,-0.6818741153279368,0
671732,"Butler, Lawrence","ATH",2026,2026,-3.674256168149028,-0.8479538041596211,-2.8263023639894067,52,2.3437533132774475,-1.7617245009667313,-1.429982616470337,38,-2.6748529623090875,-0.1514494016803187,-7.6792859518133865,0.20561305400530994,14
605137,"Bell, Josh","MIN",2026,2026,-3.836362534845977,-3.4365962390583045,-0.3997662957876726,35,1.484981705829103,-1.877414289957391,-3.0441636549300166,35,-0.28631878236012936,-0.11344751342754336,-4.434118132450539,-0.8273456394541714,0
624413,"Alonso, Pete","BAL",2026,2026,-4.159314276326224,-3.5065232259140466,-0.6527910504121772,34,1.402875436479742,-1.7565311724012855,-3.1528674899925035,30,-0.44947789398635135,-0.20331315642582576,-4.747219924448065,-1.2495180663601353,4
650402,"Torres, Gleyber","DET",2026,2026,-4.252103064085461,-4.091945792165034,-0.16015727192042772,31,1.722585641860069,-4.141696594634856,-1.672834839390248,30,-0.08284088466185636,-0.07731638725857125,-2.8185791615010283,-0.5222069831988807,1
621493,"Ward, Taylor","SEA",2026,2026,-4.406387669815059,-2.890126878957834,-1.516260790857225,54,2.0619419616585444,-2.419226887466121,-2.532841953150257,48,-1.317559445781393,-0.19870134507583234,-7.95043660439745,-1.2917614529955321,6
660688,"Ruiz, Keibert","WSH",2026,2026,-4.421955239206849,-4.250635837583862,-0.17131940162298695,25,0.7881299519226422,-2.7274186016276305,-2.3113471878788734,24,-0.08181650550088813,-0.08950289612209882,-2.8186816338337586,-0.6883468347221966,1
670541,"Alvarez, Yordan","HOU",2026,2026,-5.025816483337662,-4.064653497421466,-0.9611629859161968,43,1.3483461557712373,-0.8657224274473891,-4.547277225745314,41,-0.28149795690043267,-0.6796650290157636,-6.785995170249613,-2.685665502956691,2
592518,"Machado, Manny","SD",2026,2026,-5.163365608037245,-3.956033988455035,-1.2073316195822104,48,1.5682373080425807,-2.851307133350748,-2.6729641631468684,45,-0.7463806107314176,-0.46095100885079304,-6.407532291699928,-1.436938225298868,3
689414,"Hicks, Liam","TB",2026,2026,-5.238085422150067,-5.102079695758205,-0.13600572639186218,33,1.995317578649476,-4.313545871864443,-2.7838514025432377,29,0.17019362640963226,-0.3061993528014947,-2.6581902300044504,-0.5440372664139149,4
681198,"Rumfield, TJ","COL",2026,2026,-5.968211720309187,-4.777659820270949,-1.1905519000382379,45,1.6484489821274873,0,-6.426108802398434,44,-0.3495876943949069,-0.8409642056433314,-5.636522712126725,-3.4969043954261356,1